{
    "metadata": {
        "type": "Geometry",
        "version": 3,
        "normals": 10,
        "uvs": 0,
        "generator": "io_three",
        "faces": 9,
        "vertices": 10
    },
    "normals": [0.577349,-0.577349,-0.577349,0.577349,-0.577349,0.577349,-0.577349,-0.577349,0.577349,-0.577349,-0.577349,-0.577349,0.630238,0.297098,-0.717277,-0.630238,0.297098,-0.717277,0.630238,0.297098,0.717277,-0.630238,0.297098,0.717277,-0.577349,0.816492,0,0.577349,0.816492,0],
    "uvs": [],
    "name": "PlaneGeometry.1",
    "faces": [33,0,1,2,3,0,1,2,3,33,7,0,3,4,4,0,3,5,33,0,7,6,1,0,4,6,1,33,1,6,5,2,1,6,7,2,33,7,4,9,8,4,5,8,9,33,2,5,4,3,2,7,5,3,32,4,5,9,5,7,8,33,5,6,8,9,7,6,9,8,32,6,7,8,6,4,9],
    "vertices": [4,-0,-2,4,0,2,-4,0,2,-4,-0,-2,-4,4,-2,-4,4,2,4,4,2,4,4,-2,4,6,-0,-4,6,-0]
}