{
    "vertices":[-1.79266,0.230439,0.518871,2.58914,0.230439,0.518871,-1.79266,0.230439,0.057595,2.58914,0.230439,0.057595,-1.79266,0.230439,0.518871,2.58914,0.230439,0.518871,-1.79266,0.230439,0.057595,2.58914,0.230439,0.057595,-1.79266,0.228912,0.057595,2.58914,0.228912,0.057595,-1.79266,0.228912,0.518871,2.58914,0.228912,0.518871,-1.79266,0.228912,0.057595,2.58914,0.228912,0.057595,-1.79266,0.228912,0.518871,2.58914,0.228912,0.518871,-1.79266,0.186342,0.518871,2.58914,0.186342,0.518871,-1.79266,0.186342,0.057595,2.58914,0.186342,0.057595,-1.79266,0.186342,0.518871,2.58914,0.186342,0.518871,-1.79266,0.186342,0.057595,2.58914,0.186342,0.057595,-1.79266,0.184814,0.057595,2.58914,0.184814,0.057595,-1.79266,0.184815,0.518871,2.58914,0.184815,0.518871,-1.79266,0.184814,0.057595,2.58914,0.184814,0.057595,-1.79266,0.184815,0.518871,2.58914,0.184815,0.518871],
    "faces":[33,0,1,3,2,0,0,0,0,33,4,5,7,6,0,0,0,0,33,8,9,11,10,1,1,1,1,33,12,13,15,14,1,1,1,1,33,16,17,19,18,2,2,2,2,33,20,21,23,22,2,2,2,2,33,24,25,27,26,1,1,1,1,33,28,29,31,30,1,1,1,1],
    "uvs":[],
    "normals":[0,-0,-1,0,0,1,0,-0,-1],
    "name":"Plane.004Geometry",
    "metadata":{
        "type":"Geometry",
        "generator":"io_three",
        "version":3,
        "vertices":32,
        "normals":3,
        "uvs":0,
        "faces":8
    }
}