{
    "metadata": {
        "faces": 8,
        "version": 3,
        "generator": "io_three",
        "normals": 16,
        "type": "Geometry",
        "uvs": 0,
        "vertices": 20
    },
    "normals": [0.009735,0,-0.999939,0.016602,0,-0.999847,0.008209,0,-0.999939,-0.008209,0,-0.999939,-0.003113,0,-0.999969,-0.003693,0,-0.999969,-0.008148,0,-0.999939,-0.008423,0,-0.999939,-0.009735,0,0.999939,-0.008209,0,0.999939,-0.016602,0,0.999847,0.008209,0,0.999939,0.008148,0,0.999939,0.003693,0,0.999969,0.003113,0,0.999969,0.008423,0,0.999939],
    "faces": [33,3,0,9,6,0,1,1,2,33,4,2,7,5,3,4,5,6,33,4,5,8,1,3,6,7,7,33,3,6,7,2,0,2,5,4,33,13,16,19,10,8,9,10,10,33,14,15,17,12,11,12,13,14,33,14,11,18,15,11,15,15,12,33,13,12,17,16,8,14,13,9],
    "uvs": [],
    "name": "Cylinder.011Geometry",
    "vertices": [-2.57704,-0.000833,-0.000343,-0.859161,-0.000408,5.4e-05,-1.73146,0.133777,0.007197,-2.15347,-0.002472,0.0067,-1.29141,0.086086,0.003707,-1.29141,0.145853,0.003707,-2.15347,0.057294,0.0067,-1.73146,0.193544,0.007197,-0.859161,0.059359,5.4e-05,-2.57704,0.058934,-0.000343,-2.57704,-0.000833,-0.000343,-0.859161,-0.000408,5.4e-05,-1.73146,0.133777,0.007197,-2.15347,-0.002472,0.0067,-1.29141,0.086086,0.003707,-1.29141,0.145853,0.003707,-2.15347,0.057294,0.0067,-1.73146,0.193544,0.007197,-0.859161,0.059359,5.4e-05,-2.57704,0.058934,-0.000343]
}