{
    "metadata": {
        "faces": 96,
        "version": 3,
        "generator": "io_three",
        "normals": 46,
        "type": "Geometry",
        "uvs": 0,
        "vertices": 208
    },
    "normals": [-0.057588,0,0.998321,-0.08301,0.193243,0.977599,-0.105228,0.379101,0.91934,-0.123417,0.550371,0.825709,-0.136876,0.700491,0.700369,-0.145054,0.823695,0.548112,-0.147649,0.91525,0.374798,-0.144597,0.971618,0.187048,-0.13596,0.990661,-0.007843,-0.122135,0.971618,-0.20246,-0.122105,0.971618,-0.20246,-0.10358,0.91525,-0.389294,-0.081057,0.823695,-0.561144,-0.055422,0.700491,-0.711478,-0.02765,0.550371,-0.834437,0.00116,0.379101,-0.925321,0.029939,0.193243,-0.980682,0.057558,0,-0.998321,0.08301,-0.193243,-0.977599,0.105228,-0.379101,-0.91934,0.123417,-0.550371,-0.825709,0.136876,-0.700491,-0.700369,0.145054,-0.823695,-0.548112,0.147649,-0.91525,-0.374798,0.144597,-0.971618,-0.187048,0.13596,-0.990661,0.007813,0.122135,-0.971618,0.202429,0.10358,-0.91525,0.389264,0.081057,-0.823695,0.561144,0.055422,-0.700491,0.711478,0.02765,-0.550371,0.834437,-0.00116,-0.379101,0.925321,-0.029939,-0.193243,0.980682,-0.029939,-0.193274,0.980682,0.057588,0,-0.998321,0.13596,-0.990661,0.007843,0.122105,-0.971618,0.20246,0.10358,-0.91525,0.389294,-0.057558,0,0.998321,-0.13596,0.990661,-0.007813,-0.122135,0.971618,-0.202429,-0.10358,0.91525,-0.389264,0.029939,0.193274,-0.980682,0.055422,-0.700491,0.711447,-0.123417,0.550401,0.825709,-0.08298,0.193243,0.977599],
    "faces": [33,0,1,33,32,0,1,1,0,33,1,2,34,33,1,2,2,1,33,2,3,35,34,2,3,3,2,33,3,4,36,35,3,4,4,3,33,4,5,37,36,4,5,5,4,33,5,6,38,37,5,6,6,5,33,6,7,39,38,6,7,7,6,33,7,8,40,39,7,8,8,7,33,8,9,41,40,8,9,10,8,33,9,10,42,41,9,11,11,10,33,10,11,43,42,11,12,12,11,33,11,12,44,43,12,13,13,12,33,12,13,45,44,13,14,14,13,33,13,14,46,45,14,15,15,14,33,14,15,47,46,15,16,16,15,33,15,16,48,47,16,17,17,16,33,16,17,49,48,17,18,18,17,33,17,18,50,49,18,19,19,18,33,18,19,51,50,19,20,20,19,33,19,20,52,51,20,21,21,20,33,20,21,53,52,21,22,22,21,33,21,22,54,53,22,23,23,22,33,22,23,55,54,23,24,24,23,33,23,24,56,55,24,25,25,24,33,24,25,57,56,25,26,26,25,33,25,26,58,57,26,27,27,26,33,26,27,59,58,27,28,28,27,33,27,28,60,59,28,29,29,28,33,28,29,61,60,29,30,30,29,33,29,30,62,61,30,31,31,30,33,30,31,63,62,31,32,33,31,33,31,0,32,63,32,0,0,33,33,80,112,113,81,34,34,18,18,33,81,113,114,82,18,18,19,19,33,82,114,115,83,19,19,20,20,33,83,115,116,84,20,20,21,21,33,84,116,117,85,21,21,22,22,33,85,117,118,86,22,22,23,23,33,86,118,119,87,23,23,24,24,33,87,119,120,88,24,24,35,35,33,88,120,121,89,35,35,36,36,33,89,121,122,90,36,36,37,37,33,90,122,123,91,37,37,28,28,33,91,123,124,92,28,28,29,29,33,92,124,125,93,29,29,30,30,33,93,125,126,94,30,30,31,31,33,94,126,127,95,31,31,32,32,33,95,127,128,96,32,32,38,38,33,96,128,129,97,38,38,1,1,33,97,129,130,98,1,1,2,2,33,98,130,131,99,2,2,3,3,33,99,131,132,100,3,3,4,4,33,100,132,133,101,4,4,5,5,33,101,133,134,102,5,5,6,6,33,102,134,135,103,6,6,7,7,33,103,135,136,104,7,7,39,39,33,104,136,137,105,39,39,40,40,33,105,137,138,106,40,40,41,41,33,106,138,139,107,41,41,12,12,33,107,139,140,108,12,12,13,13,33,108,140,141,109,13,13,14,14,33,109,141,142,110,14,14,15,15,33,110,142,143,111,15,15,42,16,33,112,80,111,143,34,34,16,42,33,175,207,176,144,38,38,33,32,33,177,145,144,176,31,31,32,33,33,178,146,145,177,30,30,31,31,33,179,147,146,178,43,43,30,30,33,180,148,147,179,28,28,43,43,33,181,149,148,180,27,27,28,28,33,182,150,149,181,26,26,27,27,33,183,151,150,182,35,25,26,26,33,184,152,151,183,24,24,25,35,33,185,153,152,184,23,23,24,24,33,186,154,153,185,22,22,23,23,33,187,155,154,186,21,21,22,22,33,188,156,155,187,20,20,21,21,33,189,157,156,188,19,19,20,20,33,190,158,157,189,18,18,19,19,33,191,159,158,190,17,34,18,18,33,192,160,159,191,16,16,34,17,33,193,161,160,192,15,15,16,16,33,194,162,161,193,14,14,15,15,33,195,163,162,194,13,13,14,14,33,196,164,163,195,12,12,13,13,33,197,165,164,196,41,11,12,12,33,198,166,165,197,10,10,11,41,33,199,167,166,198,8,8,10,10,33,200,168,167,199,7,7,8,8,33,201,169,168,200,6,6,7,7,33,202,170,169,201,5,5,6,6,33,203,171,170,202,4,4,5,5,33,204,172,171,203,3,44,4,4,33,205,173,172,204,2,2,44,3,33,206,174,173,205,45,45,2,2,33,207,175,174,206,38,38,45,45],
    "uvs": [],
    "name": "Cylinder.012Geometry",