{
    "metadata": {
        "faces": 64,
        "version": 3,
        "generator": "io_three",
        "normals": 37,
        "type": "Geometry",
        "uvs": 0,
        "vertices": 128
    },
    "normals": [-0.085513,0.007935,0.996277,-0.109256,0.201178,0.973418,-0.128758,0.38667,0.913144,-0.143345,0.557329,0.817805,-0.152409,0.706565,0.691,-0.155614,0.828669,0.537645,-0.152837,0.918882,0.363659,-0.1442,0.973815,0.175665,-0.130009,0.991302,-0.019044,-0.110813,0.970702,-0.21305,-0.087374,0.912809,-0.398877,-0.060579,0.819819,-0.569353,-0.031434,0.695334,-0.717948,-0.001099,0.544145,-0.838984,0.029267,0.372021,-0.927732,0.058504,0.185614,-0.980865,0.085513,-0.007935,-0.996277,0.109256,-0.201178,-0.973418,0.128758,-0.38667,-0.913144,0.143345,-0.557329,-0.817805,0.152409,-0.706565,-0.691,0.155614,-0.828639,-0.537645,0.152837,-0.918882,-0.363659,0.1442,-0.973815,-0.175665,0.130009,-0.991302,0.019044,0.110813,-0.970702,0.21305,0.087374,-0.912809,0.398877,0.060579,-0.819849,0.569353,0.031434,-0.695334,0.717948,0.001099,-0.544145,0.838984,-0.029267,-0.372021,0.927732,-0.058504,-0.185614,0.980865,0.155614,-0.828669,-0.537645,0.060579,-0.819819,0.569353,-0.058504,-0.185583,0.980865,-0.155614,0.828639,0.537645,-0.060579,0.819849,-0.569353],
    "faces": [33,0,1,33,32,0,1,1,0,33,1,2,34,33,1,2,2,1,33,2,3,35,34,2,3,3,2,33,3,4,36,35,3,4,4,3,33,4,5,37,36,4,5,5,4,33,5,6,38,37,5,6,6,5,33,6,7,39,38,6,7,7,6,33,7,8,40,39,7,8,8,7,33,8,9,41,40,8,9,9,8,33,9,10,42,41,9,10,10,9,33,10,11,43,42,10,11,11,10,33,11,12,44,43,11,12,12,11,33,12,13,45,44,12,13,13,12,33,13,14,46,45,13,14,14,13,33,14,15,47,46,14,15,15,14,33,15,16,48,47,15,16,16,15,33,16,17,49,48,16,17,17,16,33,17,18,50,49,17,18,18,17,33,18,19,51,50,18,19,19,18,33,19,20,52,51,19,20,20,19,33,20,21,53,52,20,21,21,20,33,21,22,54,53,21,22,22,21,33,22,23,55,54,22,23,23,22,33,23,24,56,55,23,24,24,23,33,24,25,57,56,24,25,25,24,33,25,26,58,57,25,26,26,25,33,26,27,59,58,26,27,27,26,33,27,28,60,59,27,28,28,27,33,28,29,61,60,28,29,29,28,33,29,30,62,61,29,30,30,29,33,30,31,63,62,30,31,31,30,33,31,0,32,63,31,0,0,31,33,64,96,97,65,16,16,17,17,33,65,97,98,66,17,17,18,18,33,66,98,99,67,18,18,19,19,33,67,99,100,68,19,19,20,20,33,68,100,101,69,20,20,32,32,33,69,101,102,70,32,32,22,22,33,70,102,103,71,22,22,23,23,33,71,103,104,72,23,23,24,24,33,72,104,105,73,24,24,25,25,33,73,105,106,74,25,25,26,26,33,74,106,107,75,26,26,33,33,33,75,107,108,76,33,33,28,28,33,76,108,109,77,28,28,29,29,33,77,109,110,78,29,29,30,30,33,78,110,111,79,30,30,34,34,33,79,111,112,80,34,34,0,0,33,80,112,113,81,0,0,1,1,33,81,113,114,82,1,1,2,2,33,82,114,115,83,2,2,3,3,33,83,115,116,84,3,3,4,4,33,84,116,117,85,4,4,35,35,33,85,117,118,86,35,35,6,6,33,86,118,119,87,6,6,7,7,33,87,119,120,88,7,7,8,8,33,88,120,121,89,8,8,9,9,33,89,121,122,90,9,9,10,10,33,90,122,123,91,10,10,36,36,33,91,123,124,92,36,36,12,12,33,92,124,125,93,12,12,13,13,33,93,125,126,94,13,13,14,14,33,94,126,127,95,14,14,15,15,33,96,64,95,127,16,16,15,15],
    "uvs": [],
    "name": "Cylinder.013Geometry",
    "vertices": [-2.83382,-0.572895,-0.699582,-2.82351,-0.656854,-0.68965,-2.81503,-0.737453,-0.663464,-2.8087,-0.811597,-0.622032,-2.80476,-0.876435,-0.566945,-2.80337,-0.929475,-0.500322,-2.80457,-0.968679,-0.424721,-2.80833,-0.992542,-0.343048,-2.81449,-1.00015,-0.258443,-2.82283,-0.991196,-0.174155,-2.83302,-0.96604,-0.093425,-2.84466,-0.925643,-0.019355,-2.85732,-0.871558,0.045209,-2.8705,-0.805862,0.097786,-2.8837,-0.731081,0.136355,-2.89641,-0.650089,0.159433,-2.90815,-0.565998,0.166135,-2.91845,-0.482039,0.156202,-2.92693,-0.401439,0.130016,-2.93327,-0.327296,0.088584,-2.9372,-0.262458,0.033498,-2.9386,-0.209418,-0.033126,-2.93739,-0.170213,-0.108727,-2.93363,-0.146351,-0.1904,-2.92747,-0.138748,-0.275005,-2.91913,-0.147697,-0.359293,-2.90895,-0.172853,-0.440023,-2.8973,-0.21325,-0.514093,-2.88465,-0.267336,-0.578657,-2.87147,-0.333031,-0.631234,-2.85826,-0.407812,-0.669802,-2.84555,-0.488804,-0.692881,-0.964199,-0.324639,-0.541044,-0.953893,-0.408598,-0.531111,-0.945411,-0.489197,-0.504925,-0.939079,-0.563341,-0.463493,-0.935141,-0.628178,-0.408406,-0.933747,-0.681218,-0.341782,-0.934952,-0.720423,-0.266182,-0.938709,-0.744285,-0.184509,-0.944874,-0.751888,-0.099903,-0.95321,-0.742939,-0.015616,-0.963396,-0.717783,0.065114,-0.975041,-0.677386,0.139184,-0.987697,-0.6233,0.203748,-1.00088,-0.557605,0.256324,-1.01408,-0.482825,0.294893,-1.02679,-0.401833,0.317972,-1.03852,-0.317741,0.324673,-1.04883,-0.233783,0.314741,-1.05731,-0.153183,0.288555,-1.06364,-0.07904,0.247123,-1.06758,-0.014202,0.192037,-1.06898,0.038838,0.125414,-1.06777,0.078043,0.049813,-1.06401,0.101905,-0.031859,-1.05785,0.109509,-0.116465,-1.04951,0.100561,-0.200752,-1.03933,0.075405,-0.281482,-1.02768,0.035008,-0.355552,-1.01503,-0.019077,-0.420116,-1.00185,-0.084771,-0.472693,-0.988645,-0.159552,-0.511263,-0.975934,-0.240544,-0.534342,-2.83382,-0.572895,-0.699582,-2.82351,-0.656854,-0.689649,-2.81503,-0.737453,-0.663464,-2.8087,-0.811597,-0.622032,-2.80476,-0.876434,-0.566945,-2.80337,-0.929475,-0.500322,-2.80457,-0.968679,-0.424721,-2.80833,-0.992542,-0.343048,-2.81449,-1.00015,-0.258443,-2.82283,-0.991196,-0.174155,-2.83302,-0.96604,-0.093425,-2.84466,-0.925643,-0.019355,-2.85732,-0.871557,0.045209,-2.8705,-0.805862,0.097786,-2.8837,-0.731081,0.136355,-2.89641,-0.650089,0.159433,-2.90814,-0.565998,0.166135,-2.91845,-0.482039,0.156202,-2.92693,-0.401439,0.130016,-2.93326,-0.327296,0.088584,-2.9372,-0.262458,0.033498,-2.9386,-0.209418,-0.033126,-2.93739,-0.170213,-0.108727,-2.93363,-0.146351,-0.1904,-2.92747,-0.138748,-0.275005,-2.91913,-0.147697,-0.359293,-2.90895,-0.172853,-0.440023,-2.8973,-0.21325,-0.514093,-2.88465,-0.267336,-0.578657,-2.87146,-0.333031,-0.631234,-2.85826,-0.407812,-0.669802,-2.84555,-0.488804,-0.692881,-0.964199,-0.324639,-0.541044,-0.953893,-0.408597,-0.531111,-0.945411,-0.489197,-0.504925,-0.939079,-0.563341,-0.463493,-0.935141,-0.628178,-0.408406,-0.933747,-0.681218,-0.341782,-0.934952,-0.720423,-0.266182,-0.938709,-0.744285,-0.184509,-0.944874,-0.751888,-0.099903,-0.95321,-0.742939,-0.015616,-0.963396,-0.717783,0.065114,-0.975041,-0.677386,0.139184,-0.987697,-0.6233,0.203748,-1.00088,-0.557605,0.256324,-1.01408,-0.482825,0.294893,-1.02679,-0.401833,0.317972,-1.03852,-0.317741,0.324673,-1.04883,-0.233783,0.314741,-1.05731,-0.153183,0.288555,-1.06364,-0.07904,0.247123,-1.06758,-0.014202,0.192037,-1.06898,0.038838,0.125414,-1.06777,0.078043,0.049813,-1.06401,0.101905,-0.031859,-1.05785,0.109509,-0.116465,-1.04951,0.100561,-0.200752,-1.03933,0.075405,-0.281482,-1.02768,0.035008,-0.355552,-1.01503,-0.019076,-0.420116,-1.00185,-0.084771,-0.472693,-0.988645,-0.159552,-0.511262,-0.975934,-0.240544,-0.534342]
}