{
    "normals": [0.577349,-0.577349,-0.577349,0.577349,-0.577349,0.577349,-0.577349,-0.577349,0.577349,-0.577349,-0.577349,-0.577349,0.904508,-0.301492,-0.301492,-0.904508,-0.301492,-0.301492,0.577349,0.577349,0.577349,0.578478,0.582995,-0.570452,-0.578478,0.582995,-0.570452,-0.577349,0.577349,0.577349,-0.576189,-0.571581,-0.584155,0.576189,-0.571581,-0.584155],
    "name": "PlaneGeometry.1",
    "faces": [33,0,1,2,3,0,1,2,3,33,5,0,3,4,4,0,3,5,33,6,9,8,7,6,7,8,9,33,4,11,10,5,5,10,11,4,33,8,9,10,11,8,7,11,10,33,5,10,9,6,4,11,7,6,33,0,5,6,1,0,4,6,1,33,4,7,8,11,5,9,8,10,33,2,7,4,3,2,9,5,3,33,1,6,7,2,1,6,9,2],
    "metadata": {
        "type": "Geometry",
        "normals": 12,
        "version": 3,
        "faces": 10,
        "vertices": 12,
        "uvs": 0,
        "generator": "io_three"
    },
    "vertices": [1.52069,-0,-0.687043,1.52069,0,0.687043,-1.52069,0,0.687043,-1.52069,-0,-0.687043,-1.52069,2.34284,-0.687043,1.52069,2.34284,-0.687043,1.52069,3.5455,0.687043,-1.52069,3.5455,0.687043,-1.52069,3.5455,-2.52499,1.52069,3.5455,-2.52499,1.52069,2.34284,-2.55117,-1.52069,2.34284,-2.55117],
    "uvs": []
}