{
    "normals": [0,-0.090793,0.995849,0,0.090793,-0.995849],
    "name": "Plane.008Geometry.1",
    "faces": [33,0,1,2,3,0,0,0,0,33,4,7,6,5,1,1,1,1],
    "metadata": {
        "type": "Geometry",
        "normals": 2,
        "version": 3,
        "faces": 2,
        "vertices": 8,
        "uvs": 0,
        "generator": "io_three"
    },
    "vertices": [1.88168,-0.152945,0.426329,1.88168,3.59488,0.768073,-1.88169,3.59488,0.768073,-1.88168,-0.152945,0.426329,1.88168,-0.152945,0.426329,1.88168,3.59488,0.768073,-1.88169,3.59488,0.768073,-1.88168,-0.152945,0.426329],
    "uvs": []
}