{
    "normals": [0,-0.995361,-0.096164,0,0.995361,0.096164],
    "name": "Plane.009Geometry",
    "faces": [33,0,1,2,3,0,0,0,0,33,4,5,6,7,0,0,0,0,33,8,11,10,9,1,1,1,1,33,12,15,14,13,1,1,1,1],
    "metadata": {
        "type": "Geometry",
        "normals": 2,
        "version": 3,
        "faces": 4,
        "vertices": 16,
        "uvs": 0,
        "generator": "io_three"
    },
    "vertices": [1.81235,3.49006,-2.60858,1.81235,3.14148,0.999331,-1.81235,3.14148,0.99933,-1.81235,3.49006,-2.60858,1.81235,3.85799,-2.50827,1.81235,3.5094,1.09963,-1.81235,3.5094,1.09963,-1.81235,3.85799,-2.50827,1.81235,3.49006,-2.60858,1.81235,3.14148,0.999331,-1.81235,3.14148,0.999331,-1.81235,3.49006,-2.60858,1.81235,3.85799,-2.50827,1.81235,3.5094,1.09963,-1.81235,3.5094,1.09963,-1.81235,3.85799,-2.50827],
    "uvs": []
}