{
    "vertices":[-1.38966,0.497292,1.51724,1.4123,0.497292,1.51724,-1.38966,0.497292,-1.28472,1.4123,0.497292,-1.28472,-1.38966,0.497292,1.51724,1.4123,0.497292,1.51724,-1.38966,0.497292,-1.28472,1.4123,0.497292,-1.28472,-1.38966,0.574566,1.51724,1.4123,0.574566,1.51724,-1.38966,0.574566,-1.28472,1.4123,0.574566,-1.28472,-1.38966,0.574566,1.51724,1.4123,0.574566,1.51724,-1.38966,0.574566,-1.28472,1.4123,0.574566,-1.28472],
    "faces":[33,0,1,3,2,0,0,0,0,33,4,6,7,5,1,1,1,1,33,8,9,11,10,0,0,0,0,33,12,14,15,13,1,1,1,1],
    "uvs":[],
    "normals":[0,-0,-1,0,0,1],
    "name":"Plane.005Geometry",
    "metadata":{
        "type":"Geometry",
        "generator":"io_three",
        "version":3,
        "vertices":16,
        "normals":2,
        "uvs":0,
        "faces":4
    }
}