{
    "vertices":[-3.1282,0.061641,-0.027465,-3.10424,0.054953,-0.027555,-3.07634,0.05923,-0.027191,-3.04929,0.058016,-0.027196,-3.02142,0.039824,-0.027637,-2.99261,0.047014,-0.028007,-2.96451,0.051282,-0.02835,-2.93608,0.038104,-0.028416,-2.90844,0.043287,-0.028204,-2.88059,0.042045,-0.027906,-2.85229,0.043988,-0.027742,-2.82451,0.038434,-0.027614,-2.79681,0.03161,-0.027433,-2.76975,0.031062,-0.027626,-2.74184,0.020549,-0.027886,-2.71261,0.020391,-0.028501,-2.68472,0.01796,-0.028908,-2.65704,0.0216,-0.029063,-2.62842,0.008221,-0.029287,-2.60089,0.012204,-0.029416,-2.57301,0.010006,-0.029525,-2.55448,0.013594,-0.029447,-2.93608,0.028021,-0.018462,-2.90844,0.033205,-0.01825,-2.88059,0.031963,-0.017952,-2.85229,0.033906,-0.017788,-2.82451,0.028352,-0.017661,-2.79681,0.021527,-0.01748,-2.76975,0.020979,-0.017672,-2.74184,0.010467,-0.017932,-2.71261,0.010308,-0.018548,-2.68472,0.007877,-0.018955,-2.65704,0.011517,-0.019109,-2.62842,-0.001861,-0.019334,-2.60089,0.002121,-0.019462,-2.57301,-7.7e-05,-0.019572,-2.55448,0.003511,-0.019494,-2.55448,0.013594,-0.019494,-2.57301,0.010006,-0.019572,-2.60089,0.012204,-0.019462,-2.62842,0.008221,-0.019334,-2.65704,0.0216,-0.019109,-2.68472,0.01796,-0.018955,-2.71261,0.020391,-0.018548,-2.74184,0.020549,-0.017932,-2.76975,0.031062,-0.017672,-2.79681,0.03161,-0.01748,-2.82451,0.038434,-0.017661,-2.85229,0.043988,-0.017788,-2.88059,0.042045,-0.017952,-2.90844,0.043287,-0.01825,-2.93608,0.038104,-0.018462,-2.96451,0.051282,-0.018397,-2.99261,0.047014,-0.018054,-3.02142,0.039824,-0.017683,-3.04929,0.058016,-0.017242,-3.07634,0.05923,-0.017238,-3.10424,0.054953,-0.017602,-3.1282,0.061641,-0.017512,-2.55448,0.003511,-0.029447,-2.57301,-7.7e-05,-0.029525,-2.60089,0.002121,-0.029416,-2.62842,-0.001861,-0.029287,-2.65704,0.011517,-0.029063,-2.68472,0.007877,-0.028908,-2.71261,0.010308,-0.028501,-2.74184,0.010467,-0.027886,-2.76975,0.020979,-0.027626,-2.79681,0.021527,-0.027433,-2.82451,0.028352,-0.027614,-3.1282,0.051558,-0.017512,-3.10424,0.04487,-0.017602,-2.85229,0.033906,-0.027742,-2.88059,0.031963,-0.027906,-2.90844,0.033205,-0.028204,-2.93608,0.028021,-0.028416,-2.96451,0.0412,-0.02835,-3.07634,0.049147,-0.017238,-3.04929,0.047934,-0.017242,-3.02142,0.029741,-0.017683,-2.99261,0.036931,-0.018054,-2.96451,0.0412,-0.018397,-2.99261,0.036931,-0.028007,-3.02142,0.029741,-0.027637,-3.04929,0.047934,-0.027196,-3.07634,0.049147,-0.027191,-3.10424,0.04487,-0.027555,-3.1282,0.051558,-0.027465],
    "faces":[33,10,72,69,11,0,0,0,0,33,2,85,84,3,1,1,1,1,33,8,74,73,9,2,2,2,2,33,6,76,75,7,3,3,3,3,33,19,61,60,20,4,4,4,4,33,14,66,65,15,5,5,5,5,33,4,83,82,5,6,6,6,6,33,17,63,62,18,7,7,7,7,33,5,82,76,6,8,8,8,8,33,12,68,67,13,9,9,9,9,33,0,87,86,1,10,10,10,10,33,11,69,68,12,11,11,11,11,33,9,73,72,10,12,12,12,12,33,15,65,64,16,13,13,13,13,33,1,86,85,2,14,14,14,14,33,20,60,59,21,15,15,15,15,33,7,75,74,8,16,16,16,16,33,13,67,66,14,17,17,17,17,33,16,64,63,17,18,18,18,18,33,3,84,83,4,19,19,19,19,33,18,62,61,19,20,20,20,20,33,48,47,26,25,21,21,21,21,33,56,55,78,77,22,22,22,22,33,50,49,24,23,23,23,23,23,33,52,51,22,81,24,24,24,24,33,39,38,35,34,25,25,25,25,33,44,43,30,29,26,26,26,26,33,54,53,80,79,27,27,27,27,33,41,40,33,32,28,28,28,28,33,53,52,81,80,29,29,29,29,33,46,45,28,27,30,30,30,30,33,58,57,71,70,31,31,31,31,33,47,46,27,26,32,32,32,32,33,49,48,25,24,33,33,33,33,33,43,42,31,30,34,34,34,34,33,57,56,77,71,35,35,35,35,33,38,37,36,35,36,36,36,36,33,51,50,23,22,37,37,37,37,33,45,44,29,28,38,38,38,38,33,42,41,32,31,39,39,39,39,33,55,54,79,78,40,40,40,40,33,40,39,34,33,41,41,41,41,33,61,62,33,34,42,42,42,42,33,5,6,52,53,43,43,43,43,33,9,10,48,49,44,44,44,44,33,21,59,36,37,45,45,45,45,33,3,4,54,55,46,46,46,46,33,60,61,34,35,47,47,47,47,33,11,12,46,47,48,48,48,48,33,82,83,79,80,49,49,49,49,33,19,20,38,39,50,50,50,50,33,7,8,50,51,51,51,51,51,33,72,73,24,25,52,52,52,52,33,13,14,44,45,53,53,53,53,33,86,87,70,71,54,54,54,54,33,83,84,78,79,55,55,55,55,33,74,75,22,23,56,56,56,56,33,16,17,41,42,57,57,57,57,33,14,15,43,44,58,58,58,58,33,76,82,80,81,59,59,59,59,33,59,60,35,36,60,60,60,60,33,69,72,25,26,61,61,61,61,33,8,9,49,50,62,62,62,62,33,2,3,55,56,63,63,63,63,33,17,18,40,41,64,64,64,64,33,85,86,71,77,65,65,65,65,33,18,19,39,40,66,66,66,66,33,0,1,57,58,67,67,67,67,33,1,2,56,57,68,68,68,68,33,63,64,31,32,69,69,69,69,33,75,76,81,22,70,70,70,70,33,65,66,29,30,71,71,71,71,33,66,67,28,29,72,72,72,72,33,4,5,53,54,73,73,73,73,33,84,85,77,78,74,74,74,74,33,87,0,58,70,75,75,75,75,33,73,74,23,24,76,76,76,76,33,20,21,37,38,77,77,77,77,33,12,13,45,46,78,78,78,78,33,6,7,51,52,79,79,79,79,33,10,11,47,48,80,80,80,80,33,64,65,30,31,81,81,81,81,33,67,68,27,28,82,82,82,82,33,15,16,42,43,83,83,83,83,33,62,63,32,33,84,84,84,84,33,68,69,26,27,85,85,85,85],
    "uvs":[],
    "normals":[-0.004603,0.999989,-0,0.000179,1,-0,-0.010698,0.999943,-0,0.002308,0.999997,-0,0.003931,0.999992,-0,0.02106,0.999778,-0,0.012872,0.999917,-0,0.007831,0.999969,-0,0.012195,0.999926,-0,0.007104,0.999975,-0,0.003739,0.999993,-0,-0.006516,0.999979,-0,-0.00579,0.999983,-0,0.014583,0.999894,-0,-0.013047,0.999915,-0,-0.004214,0.999991,-0,-0.007674,0.999971,-0,0.009311,0.999957,-0,0.00559,0.999984,-0,0.015813,0.999875,-0,0.00467,0.999989,-0,0.004603,-0.999989,0,-0.000179,-1,0,0.010698,-0.999943,0,-0.002308,-0.999997,-0,-0.003931,-0.999992,0,-0.02106,-0.999778,-0,-0.012872,-0.999917,0,-0.007831,-0.999969,0,-0.012195,-0.999926,0,-0.007104,-0.999975,0,-0.003739,-0.999993,0,0.006516,-0.999979,0,0.00579,-0.999983,0,-0.014583,-0.999894,-0,0.013047,-0.999915,0,0.004214,-0.999991,0,0.007674,-0.999971,0,-0.009311,-0.999957,0,-0.00559,-0.999984,-0,-0.015813,-0.999875,0,-0.00467,-0.999989,0,-0.143175,-0,-0.989697,0.150173,0,0.98866,0.0685,0,0.997651,-1,-0,-0,-0.546593,0,0.837399,0.07859,-0,-0.996907,-0.23927,0,0.970953,-0.242143,-0,-0.970241,-0.07859,0,0.996907,0.184283,0,0.982873,-0.0685,0,-0.997651,-0.352458,0,0.935828,0.268829,0,-0.963188,0.546593,-0,-0.837399,-0.184283,-0,-0.982873,0.130388,0,0.991463,-0.00543,0,0.999985,-0.150173,0,-0.98866,-0.190154,-0,-0.981754,0.19605,-0,-0.980594,-0.044551,0,0.999007,-0.044809,0,0.998995,-0.423498,0,0.905897,-0.15156,0,-0.988448,0.143175,0,0.989697,-0.268829,0,0.963188,0.15156,0,0.988448,-0.130388,-0,-0.991463,0.420629,-0,-0.907233,0.00543,-0,-0.999985,0.352458,-0,-0.935828,0.242143,0,0.970241,0.044809,0,-0.998995,1,0,-0,0.044551,0,-0.999007,0.190154,0,0.981754,-0.020241,0,0.999795,-0.420629,0,0.907233,-0.196051,0,0.980594,0.086832,-0,-0.996223,0.020241,-0,-0.999795,-0.086832,0,0.996223,0.423498,-0,-0.905897,0.23927,-0,-0.970953],
    "name":"Rail.008Geometry",
    "metadata":{
        "type":"Geometry",
        "generator":"io_three",
        "version":3,
        "vertices":88,
        "normals":86,
        "uvs":0,
        "faces":86
    }
}