{
    "faces": [33,0,1,2,3,0,0,0,0,33,4,7,6,5,1,1,1,1],
    "normals": [-0.011353,-0.999908,0,0.011353,0.999908,0],
    "name": "Plane.004Geometry",
    "metadata": {
        "type": "Geometry",
        "faces": 2,
        "uvs": 0,
        "generator": "io_three",
        "version": 3,
        "normals": 2,
        "vertices": 8
    },
    "uvs": [],
    "vertices": [2.45377,-0.097262,-1.23001,2.45377,-0.097262,1.23001,-2.45377,-0.041494,1.23001,-2.45377,-0.041494,-1.23001,2.45377,-0.097262,-1.23001,2.45377,-0.097262,1.23001,-2.45377,-0.041494,1.23001,-2.45377,-0.041494,-1.23001]
}