{
    "faces": [33,0,1,2,3,0,0,0,0,33,4,5,6,7,0,0,0,0,33,8,11,10,9,1,1,1,1,33,12,15,14,13,1,1,1,1],
    "normals": [-0.011353,-0.999908,0,0.011353,0.999908,0],
    "name": "Plane.003Geometry",
    "metadata": {
        "type": "Geometry",
        "faces": 4,
        "uvs": 0,
        "generator": "io_three",
        "version": 3,
        "normals": 2,
        "vertices": 16
    },
    "uvs": [],
    "vertices": [2.45377,2.0765,-1.23001,2.45377,2.0765,1.23001,-2.45377,2.13227,1.23001,-2.45377,2.13227,-1.23001,2.45377,2.62244,-1.23001,2.45377,2.62244,1.23001,-2.45377,2.67821,1.23001,-2.45377,2.67821,-1.23001,2.45377,2.0765,-1.23001,2.45377,2.0765,1.23001,-2.45377,2.13227,1.23001,-2.45377,2.13227,-1.23001,2.45377,2.62244,-1.23001,2.45377,2.62244,1.23001,-2.45377,2.67821,1.23001,-2.45377,2.67821,-1.23001]
}