{
    "vertices":[-2.66309,0.477721,0.440846,-1.59452,0.477721,0.440846,-2.66309,0.477721,-0.47215,-1.59452,0.477721,-0.47215,-2.66309,0.477721,0.440846,-1.59452,0.477721,0.440846,-2.66309,0.477721,-0.47215,-1.59452,0.477721,-0.47215,-2.66309,0.476193,-0.47215,-1.59452,0.476193,-0.47215,-2.66309,0.476193,0.440846,-1.59452,0.476193,0.440846,-2.66309,0.476193,-0.47215,-1.59452,0.476193,-0.47215,-2.66309,0.476193,0.440846,-1.59452,0.476193,0.440846,-2.66309,0.433623,0.440846,-1.59452,0.433623,0.440846,-2.66309,0.433623,-0.47215,-1.59452,0.433623,-0.47215,-2.66309,0.433623,0.440846,-1.59452,0.433623,0.440846,-2.66309,0.433623,-0.47215,-1.59452,0.433623,-0.47215,-2.66309,0.432096,-0.47215,-1.59452,0.432096,-0.47215,-2.66309,0.432096,0.440846,-1.59452,0.432096,0.440846,-2.66309,0.432096,-0.47215,-1.59452,0.432096,-0.47215,-2.66309,0.432096,0.440846,-1.59452,0.432096,0.440846],
    "faces":[33,0,1,3,2,0,0,0,0,33,4,5,7,6,0,0,0,0,33,8,9,11,10,1,1,1,1,33,12,13,15,14,1,1,1,1,33,16,17,19,18,2,2,2,2,33,20,21,23,22,2,2,2,2,33,24,25,27,26,1,1,1,1,33,28,29,31,30,1,1,1,1],
    "uvs":[],
    "normals":[0,-0,-1,0,0,1,0,-0,-1],
    "name":"Plane.005Geometry",
    "metadata":{
        "type":"Geometry",
        "generator":"io_three",
        "version":3,
        "vertices":32,
        "normals":3,
        "uvs":0,
        "faces":8
    }
}