{
    "normals":[0,0.999969,-0,-0.195074,0.980773,-0,-0.382672,0.923856,-0,-0.555559,0.831446,-0,-0.707083,0.707083,-0,-0.831446,0.555559,-0,-0.923856,0.382672,-0,-0.980773,0.195074,-0,-1,0,-0,-0.980773,-0.195074,-0,-0.923856,-0.382672,-0,-0.831446,-0.555559,-0,-0.707083,-0.707083,-0,-0.555559,-0.831446,-0,-0.382672,-0.923856,-0,-0.195074,-0.980773,-0,0,-0.999969,-0,0.195074,-0.980773,-0,0.382672,-0.923856,-0,0.555559,-0.831446,-0,0.707083,-0.707083,-0,0.831446,-0.555559,-0,0.923856,-0.382672,-0,0.980773,-0.195074,-0,0.999969,0,-0,0.980773,0.195074,-0,0.923856,0.382672,-0,0.831446,0.555559,-0,0.707083,0.707083,-0,0.555559,0.831446,-0,0.382672,0.923856,-0,0.195074,0.980773,-0,0,-0.727866,0.68569,0,-0.727866,-0.68569,0.142003,-0.713889,-0.685659,0.142003,-0.713889,0.685659,0.278512,-0.672475,-0.68569,0.278512,-0.672475,0.68569,0.404401,-0.605182,-0.68569,0.404401,-0.605182,0.685659,0.514695,-0.514664,-0.68569,0.514695,-0.514664,0.68569,0.605182,-0.404401,-0.68569,0.605182,-0.404401,0.68569,0.672475,-0.278542,-0.68569,0.672475,-0.278542,0.68569,0.713889,-0.142003,-0.68569,0.713889,-0.142003,0.68569,0.727866,0,-0.68569,0.727866,0,0.68569,0.713889,0.142003,-0.68569,0.713889,0.142003,0.68569,0.672475,0.278542,-0.68569,0.672475,0.278542,0.68569,0.605213,0.40437,-0.68569,0.605213,0.40437,0.68569,0.514695,0.514664,-0.68569,0.514695,0.514664,0.68569,0.404401,0.605182,-0.685659,0.404401,0.605182,0.68569,0.278512,0.672445,-0.68569,0.278542,0.672475,0.68569,0.142003,0.713889,-0.68569,0.142003,0.713889,0.68569,0,0.727866,-0.68569,0,0.727866,0.68569,-0.142003,0.713889,-0.68569,-0.142003,0.713889,0.68569,-0.278512,0.672445,-0.68569,-0.278542,0.672475,0.68569,-0.404401,0.605182,-0.685659,-0.404401,0.605182,0.68569,-0.514695,0.514664,-0.68569,-0.514695,0.514664,0.68569,-0.605213,0.40437,-0.68569,-0.605213,0.40437,0.68569,-0.672475,0.278542,-0.68569,-0.672475,0.278542,0.68569,-0.713889,0.142003,-0.68569,-0.713889,0.142003,0.68569,-0.727866,0,-0.68569,-0.727866,0,0.68569,-0.713889,-0.142003,-0.68569,-0.713889,-0.142003,0.68569,-0.672475,-0.278542,-0.68569,-0.672475,-0.278542,0.68569,-0.605213,-0.40437,-0.68569,-0.605213,-0.40437,0.68569,-0.514695,-0.514695,-0.685659,-0.514664,-0.514664,0.68569,-0.40437,-0.605182,-0.68569,-0.404401,-0.605213,0.685659,-0.278512,-0.672475,-0.68569,-0.278512,-0.672475,0.68569,-0.142003,-0.713889,-0.685659,-0.142003,-0.713889,0.685659,1,0,-0,-0.999969,0,-0],
    "faces":[33,0,2,3,1,0,1,1,0,33,2,4,5,3,1,2,2,1,33,4,6,7,5,2,3,3,2,33,6,8,9,7,3,4,4,3,33,8,10,11,9,4,5,5,4,33,10,12,13,11,5,6,6,5,33,12,14,15,13,6,7,7,6,33,14,16,17,15,7,8,8,7,33,16,18,19,17,8,9,9,8,33,18,20,21,19,9,10,10,9,33,20,22,23,21,10,11,11,10,33,22,24,25,23,11,12,12,11,33,24,26,27,25,12,13,13,12,33,26,28,29,27,13,14,14,13,33,28,30,31,29,14,15,15,14,33,30,32,33,31,15,16,16,15,33,32,34,35,33,16,17,17,16,33,34,36,37,35,17,18,18,17,33,36,38,39,37,18,19,19,18,33,38,40,41,39,19,20,20,19,33,40,42,43,41,20,21,21,20,33,42,44,45,43,21,22,22,21,33,44,46,47,45,22,23,23,22,33,46,48,49,47,23,24,24,23,33,48,50,51,49,24,25,25,24,33,50,52,53,51,25,26,26,25,33,52,54,55,53,26,27,27,26,33,54,56,57,55,27,28,28,27,33,56,58,59,57,28,29,29,28,33,58,60,61,59,29,30,30,29,33,62,0,1,63,31,0,0,31,33,60,62,63,61,30,31,31,30,33,64,65,67,66,32,33,34,35,33,66,67,69,68,35,34,36,37,33,68,69,71,70,37,36,38,39,33,70,71,73,72,39,38,40,41,33,72,73,75,74,41,40,42,43,33,74,75,77,76,43,42,44,45,33,76,77,79,78,45,44,46,47,33,78,79,81,80,47,46,48,49,33,80,81,83,82,49,48,50,51,33,82,83,85,84,51,50,52,53,33,84,85,87,86,53,52,54,55,33,86,87,89,88,55,54,56,57,33,88,89,91,90,57,56,58,59,33,90,91,93,92,59,58,60,61,33,92,93,95,94,61,60,62,63,33,94,95,97,96,63,62,64,65,33,96,97,99,98,65,64,66,67,33,98,99,101,100,67,66,68,69,33,100,101,103,102,69,68,70,71,33,102,103,105,104,71,70,72,73,33,104,105,107,106,73,72,74,75,33,106,107,109,108,75,74,76,77,33,108,109,111,110,77,76,78,79,33,110,111,113,112,79,78,80,81,33,112,113,115,114,81,80,82,83,33,114,115,117,116,83,82,84,85,33,116,117,119,118,85,84,86,87,33,118,119,121,120,87,86,88,89,33,120,121,123,122,89,88,90,91,33,122,123,125,124,91,90,92,93,32,69,67,65,36,34,33,32,65,127,125,33,94,92,32,125,123,121,92,90,88,32,121,119,117,88,86,84,32,117,115,113,84,82,80,32,113,111,109,80,78,76,32,109,107,105,76,74,72,32,105,103,101,72,70,68,32,101,99,97,68,66,64,32,97,95,93,64,62,60,32,93,91,89,60,58,56,32,89,87,85,56,54,52,32,85,83,81,52,50,48,32,81,79,77,48,46,44,32,77,75,73,44,42,40,32,73,71,69,40,38,36,32,69,65,125,36,33,92,32,125,121,117,92,88,84,32,117,113,109,84,80,76,32,109,105,101,76,72,68,32,101,97,93,68,64,60,32,93,89,85,60,56,52,32,85,81,77,52,48,44,32,77,73,69,44,40,36,32,69,125,117,36,92,84,32,117,109,101,84,76,68,32,101,93,85,68,60,52,32,85,77,69,52,44,36,32,69,117,101,36,84,68,32,101,85,69,68,52,36,33,126,127,65,64,95,94,33,32,33,124,125,127,126,93,92,94,95,32,126,64,66,95,32,35,32,66,68,70,35,37,39,32,70,72,74,39,41,43,32,74,76,78,43,45,47,32,78,80,82,47,49,51,32,82,84,86,51,53,55,32,86,88,90,55,57,59,32,90,92,94,59,61,63,32,94,96,98,63,65,67,32,98,100,102,67,69,71,32,102,104,106,71,73,75,32,106,108,110,75,77,79,32,110,112,114,79,81,83,32,114,116,118,83,85,87,32,118,120,122,87,89,91,32,122,124,126,91,93,95,32,126,66,70,95,35,39,32,70,74,78,39,43,47,32,78,82,86,47,51,55,32,86,90,94,55,59,63,32,94,98,102,63,67,71,32,102,106,110,71,75,79,32,110,114,118,79,83,87,32,118,122,126,87,91,95,32,126,70,78,95,39,47,32,78,86,94,47,55,63,32,94,102,110,63,71,79,32,110,118,126,79,87,95,32,126,78,94,95,47,63,32,94,110,126,63,79,95,33,128,129,131,130,16,16,17,17,33,130,131,133,132,17,17,18,18,33,132,133,135,134,18,18,19,19,33,134,135,137,136,19,19,20,20,33,136,137,139,138,20,20,21,21,33,138,139,141,140,21,21,22,22,33,140,141,143,142,22,22,23,23,33,142,143,145,144,23,23,96,96,33,144,145,147,146,96,96,25,25,33,146,147,149,148,25,25,26,26,33,148,149,151,150,26,26,27,27,33,150,151,153,152,27,27,28,28,33,152,153,155,154,28,28,29,29,33,154,155,157,156,29,29,30,30,33,156,157,159,158,30,30,31,31,33,158,159,161,160,31,31,0,0,33,160,161,163,162,0,0,1,1,33,162,163,165,164,1,1,2,2,33,164,165,167,166,2,2,3,3,33,166,167,169,168,3,3,4,4,33,168,169,171,170,4,4,5,5,33,170,171,173,172,5,5,6,6,33,172,173,175,174,6,6,7,7,33,174,175,177,176,7,7,97,97,33,176,177,179,178,97,97,9,9,33,178,179,181,180,9,9,10,10,33,180,181,183,182,10,10,11,11,33,182,183,185,184,11,11,12,12,33,184,185,187,186,12,12,13,13,33,186,187,189,188,13,13,14,14,33,190,191,129,128,15,15,16,16,33,188,189,191,190,14,14,15,15],
    "uvs":[],