{
    "name": "Plane.019Geometry",
    "uvs": [],
    "faces": [33,0,1,3,2,0,0,0,0,33,4,5,7,6,0,0,0,0,33,8,10,11,9,1,1,1,1,33,12,14,15,13,1,1,1,1],
    "normals": [0.100436,-0.994934,0,-0.100436,0.994934,0],
    "metadata": {
        "normals": 2,
        "version": 3,
        "type": "Geometry",
        "uvs": 0,
        "generator": "io_three",
        "vertices": 16,
        "faces": 4
    },
    "vertices": [1.88169,-0.045282,-1.62993,1.88169,-0.045282,1.64308,-4.63557,-0.703375,-1.62993,-4.63557,-0.703375,1.64308,1.88169,0.542125,-1.62993,1.88169,0.542125,1.64308,-4.63557,-0.115969,-1.62993,-4.63557,-0.115969,1.64308,1.88169,-0.045282,-1.62993,1.88169,-0.045282,1.64308,-4.63557,-0.703375,-1.62993,-4.63557,-0.703375,1.64308,1.88169,0.542125,-1.62993,1.88169,0.542125,1.64308,-4.63557,-0.115969,-1.62993,-4.63557,-0.115969,1.64308]
}