{
    "vertices":[-1.33968,0.550591,1.33986,1.33968,0.506582,1.33986,-1.33968,0.550591,-1.33986,1.33968,0.506582,-1.33986,-1.33968,0.550591,1.33986,1.33968,0.506582,1.33986,-1.33968,0.550591,-1.33986,1.33968,0.506582,-1.33986],
    "faces":[33,0,1,3,2,0,0,0,0,33,4,6,7,5,1,1,1,1],
    "uvs":[],
    "normals":[0.016423,-0,-0.999865,-0.016423,0,0.999865],
    "name":"Plane.001Geometry.1",
    "metadata":{
        "type":"Geometry",
        "generator":"io_three",
        "version":3,
        "vertices":8,
        "normals":2,
        "uvs":0,
        "faces":2
    }
}