{
    "vertices":[-1.33968,0.386941,1.33986,1.33968,0.342932,1.33986,-1.33968,0.386941,-1.33986,1.33968,0.342932,-1.33986,-1.33968,0.386941,1.33986,1.33968,0.342932,1.33986,-1.33968,0.386941,-1.33986,1.33968,0.342932,-1.33986,-1.33968,0.458178,1.33986,1.33968,0.414169,1.33986,-1.33968,0.458178,-1.33986,1.33968,0.414169,-1.33986,-1.33968,0.458178,1.33986,1.33968,0.414169,1.33986,-1.33968,0.458178,-1.33986,1.33968,0.414169,-1.33986],
    "faces":[33,0,1,3,2,0,0,0,0,33,4,6,7,5,1,1,1,1,33,8,9,11,10,0,0,0,0,33,12,14,15,13,1,1,1,1],
    "uvs":[],
    "normals":[0.016423,-0,-0.999865,-0.016423,0,0.999865],
    "name":"Plane.007Geometry",
    "metadata":{
        "type":"Geometry",
        "generator":"io_three",
        "version":3,
        "vertices":16,
        "normals":2,
        "uvs":0,
        "faces":4
    }
}