{
    "vertices":[-0.012169,0.578897,0.018834,-0.014969,0.540713,0.011138,0.005793,0.658837,0.020117,-0.00584,0.6221,0.0146,-0.006074,0.578897,0.011869,-0.008874,0.540713,0.004173,0.011887,0.658837,0.013152,0.000254,0.6221,0.007636,0.000254,0.6221,0.0146,0.011887,0.658837,0.020117,-0.008874,0.540713,0.011138,-0.006074,0.578897,0.018834,-0.00584,0.6221,0.007636,0.005793,0.658837,0.013152,-0.014969,0.540713,0.004173,-0.012169,0.578897,0.011869,-0.009004,0.600498,0.016717,-0.00291,0.600498,0.009752,-0.00291,0.600498,0.016717,-0.009004,0.600498,0.009752,-0.000289,0.640807,0.017525,-0.013745,0.558483,0.013457,-0.011176,0.589846,0.018404,0.00884,0.659442,0.02085,-0.002793,0.622074,0.015808,-0.009122,0.57868,0.019928,-0.002793,0.622333,0.006584,0.00884,0.659562,0.012489,-0.011921,0.539842,0.011687,-0.011921,0.540241,0.003378,-0.009122,0.579152,0.010456,0.006628,0.640375,0.009807,-0.007254,0.560484,0.006975,-0.005201,0.589865,0.01146,-0.004624,0.578849,0.015351,0.001785,0.621681,0.011118,-0.008002,0.540088,0.007655,0.012755,0.659468,0.016634,-0.004256,0.589692,0.018067,-0.007491,0.559125,0.013455,0.006935,0.639717,0.018276,0.005107,0.659759,0.016634,-0.015738,0.539889,0.007655,-0.006986,0.622477,0.011118,-0.013442,0.578788,0.015351,-0.010586,0.589698,0.010811,-0.013996,0.559796,0.006846,4.2e-05,0.641037,0.010562,-0.010508,0.600698,0.013235,-0.001593,0.600295,0.013235,-0.005957,0.600589,0.018,-0.005957,0.600362,0.008579,-0.007754,0.589849,0.009962,-0.012549,0.589823,0.014329,-0.015592,0.558519,0.010273,-0.001628,0.641681,0.013888,0.00851,0.640451,0.01401,-0.006153,0.559354,0.010165,-0.003366,0.589656,0.014565,-0.010568,0.559838,0.005571,-0.01183,0.538426,0.007232,0.003274,0.641322,0.009114,-0.00765,0.589693,0.01962,0.003253,0.640753,0.01929,-0.010548,0.558124,0.014424,0.008992,0.661199,0.016762],
    "faces":[33,65,23,9,37,0,0,0,0,33,64,28,10,39,1,1,1,1,33,63,24,8,40,2,2,2,2,33,15,45,52,30,3,3,3,3,33,62,25,11,38,4,4,4,4,33,61,27,6,31,5,5,5,5,33,60,29,5,36,6,6,6,6,33,59,30,4,32,7,7,7,7,33,58,34,4,33,8,8,8,8,33,57,36,5,32,9,9,9,9,33,56,35,7,31,10,10,10,10,33,55,47,12,43,11,11,11,11,33,54,46,14,42,12,12,12,12,33,53,45,15,44,13,13,13,13,33,45,19,51,52,14,14,14,14,33,30,52,33,4,15,15,15,15,33,44,0,22,53,16,16,16,16,33,52,51,17,33,17,17,17,17,33,16,48,53,22,18,18,18,18,33,48,19,45,53,19,19,19,19,33,21,54,42,1,20,20,20,20,33,0,44,54,21,21,21,21,21,33,44,15,46,54,22,22,22,22,33,20,55,43,3,23,23,23,23,33,2,41,55,20,24,24,24,24,33,41,13,47,55,25,25,25,25,33,37,56,31,6,26,26,26,26,33,9,40,56,37,27,27,27,27,33,40,8,35,56,28,28,28,28,33,34,57,32,4,29,29,29,29,33,11,39,57,34,30,30,30,30,33,39,10,36,57,31,31,31,31,33,49,58,33,17,32,32,32,32,33,18,38,58,49,33,33,33,33,33,38,11,34,58,34,34,34,34,33,29,59,32,5,35,35,35,35,33,14,46,59,29,36,36,36,36,33,46,15,30,59,37,37,37,37,33,28,60,36,10,38,38,38,38,33,1,42,60,28,39,39,39,39,33,42,14,29,60,40,40,40,40,33,26,61,31,7,41,41,41,41,33,12,47,61,26,42,42,42,42,33,47,13,27,61,43,43,43,43,33,50,62,38,18,44,44,44,44,33,16,22,62,50,45,45,45,45,33,22,0,25,62,46,46,46,46,33,23,63,40,9,47,47,47,47,33,2,20,63,23,48,48,48,48,33,20,3,24,63,49,49,49,49,33,25,64,39,11,50,50,50,50,33,0,21,64,25,51,51,51,51,33,21,1,28,64,52,52,52,52,33,27,65,37,6,53,53,53,53,33,13,41,65,27,54,54,54,54,33,41,2,23,65,55,55,55,55],
    "uvs":[],
    "normals":[0.34336,0.324221,-0.881468,0.282084,0.947324,0.151676,0.264052,0.924506,0.274893,-0.357743,-0.93364,0.018329,0.380459,0.924723,0.01177,0.232928,-0.966451,-0.108243,0.332985,-0.336726,0.880759,0.385516,-0.899346,-0.206287,0.887568,-0.446999,0.111423,0.954691,-0.294205,0.044814,0.879232,-0.401772,0.255988,-0.859963,-0.402673,-0.313558,-0.950082,-0.303859,-0.070815,-0.90585,-0.418922,-0.062776,-0.324466,-0.944195,0.05672,0.456556,-0.885706,0.084151,-0.939404,0.327232,-0.10217,0.425357,-0.880119,0.210859,-0.909201,0.351383,-0.223343,-0.889301,-0.44524,-0.104424,-0.930158,0.366862,0.014755,-0.905247,0.424085,0.026077,-0.920488,-0.345939,-0.181737,-0.91129,0.354824,-0.208925,-0.905011,0.326199,-0.273036,-0.855748,-0.37737,-0.353959,0.930465,-0.315867,0.185641,0.934256,0.249748,0.25454,0.864477,0.331052,0.378265,0.935243,-0.352972,-0.027026,0.913029,0.371491,0.16844,0.941539,0.314403,0.121055,0.872605,-0.431762,0.228347,0.947728,0.303013,0.099979,0.941838,0.317099,0.111307,0.309966,-0.945829,-0.096583,-0.293424,-0.946164,-0.136658,-0.380265,-0.887212,-0.261253,0.337004,0.272597,0.901176,-0.309794,0.282567,0.907846,-0.307279,-0.347122,0.886051,0.268306,-0.962805,-0.031915,-0.375834,-0.893186,-0.246915,-0.344715,-0.902657,-0.257646,0.402801,0.912724,-0.068459,-0.346209,0.916003,-0.202676,-0.327325,0.942434,-0.068388,0.215025,0.965515,0.146785,-0.355129,0.93479,-0.007175,-0.411426,0.910997,0.028506,0.35599,0.895599,0.266784,-0.324073,0.919957,0.220579,-0.255881,0.959704,0.116158,0.344243,-0.304879,-0.888001,-0.305048,-0.317238,-0.897945,-0.304738,0.336714,-0.890931],
    "name":"Piece.010Geometry.1",
    "metadata":{
        "type":"Geometry",
        "generator":"io_three",
        "version":3,
        "vertices":66,
        "normals":56,
        "uvs":0,
        "faces":56
    }
}