{
    "normals": [0.696036,0.007874,-0.717948,0.580828,0.582141,-0.568926,0.577685,0.566607,0.587542,0.711997,0.017792,0.701926,-0.119541,-0.990234,-0.071444,-0.57561,0.574236,0.582141,-0.577593,0.584124,-0.570208,0.272011,-0.940916,0.201605,0.719138,-0.020325,-0.69454,0.711631,0.012024,0.702414,-0.717978,-0.009491,0.695975,-0.694235,0.021699,0.719382,-0.089785,0.993561,-0.068697,0.579089,0.580493,-0.572405,0.577044,0.57036,0.584521,-0.573901,0.572497,0.585498,-0.576922,0.587725,-0.567156,-0.702109,-0.016602,-0.711844,0.297433,0.937559,0.180212,-0.702567,-0.013215,-0.711447],
    "name": "Cube.013Geometry",
    "faces": [33,2,0,9,7,0,1,2,3,33,4,1,8,5,4,5,6,7,33,4,3,6,5,4,8,9,7,33,3,2,7,6,8,0,3,9,33,6,7,12,13,9,3,10,11,33,5,6,13,14,7,9,11,12,33,5,8,11,14,7,6,13,12,33,8,1,18,11,6,5,14,13,33,7,9,10,12,3,2,15,10,33,9,0,19,10,2,1,16,15,33,0,2,17,19,1,0,17,16,33,1,4,15,18,5,4,18,14,33,3,4,15,16,8,4,18,19,33,2,3,16,17,0,8,19,17,33,10,19,17,12,15,16,17,10,33,11,18,15,14,13,14,18,12,33,13,16,15,14,11,19,18,12,33,12,17,16,13,10,17,19,11],
    "vertices": [0.085764,-1,-0.107205,0.085764,1,-0.107203,0.083349,-0.506906,-0.092728,0.067495,-0.00804,-0.113388,0.090035,0.507897,-0.116596,0.090035,0.507897,-0.166351,0.067495,-0.00804,-0.163144,0.083349,-0.506906,-0.142483,0.085764,1,-0.156959,0.085764,-1,-0.156961,0.138643,-1.0007,-0.156961,0.138643,0.999303,-0.156959,0.136228,-0.507603,-0.142483,0.120374,-0.008738,-0.163144,0.142915,0.5072,-0.166351,0.142915,0.5072,-0.116596,0.120374,-0.008738,-0.113388,0.136228,-0.507603,-0.092728,0.138643,0.999303,-0.107203,0.138643,-1.0007,-0.107205],
    "metadata": {
        "normals": 20,
        "generator": "io_three",
        "faces": 18,
        "vertices": 20,
        "type": "Geometry",
        "version": 3,
        "uvs": 0
    },
    "uvs": []
}