{
    "normals": [0.080355,-0.000427,-0.996734,-0.080355,0.000427,0.996734],
    "name": "Plane.005Geometry",
    "faces": [33,0,1,2,3,0,0,0,0,33,4,7,6,5,1,1,1,1],
    "vertices": [2.43278,-1.34971,2.10255,-2.43891,-1.34898,1.70971,-2.43841,1.34971,1.70856,2.43328,1.34898,2.1014,2.43278,-1.34971,2.10255,-2.43891,-1.34898,1.70971,-2.43841,1.34971,1.70856,2.43328,1.34898,2.1014],
    "metadata": {
        "normals": 2,
        "generator": "io_three",
        "faces": 2,
        "vertices": 8,
        "type": "Geometry",
        "version": 3,
        "uvs": 0
    },
    "uvs": []
}