{
    "normals": [0,-0.999969,0,0,-1,0,0,0.999969,0,0,1,0],
    "name": "Plane.009Geometry",
    "faces": [33,0,1,2,3,0,1,1,1,33,4,7,6,5,2,3,3,3],
    "vertices": [2.42582,-1.05012,-2.42582,2.42582,-1.05012,2.42582,-2.42582,-1.05012,2.42582,-2.42582,-1.05012,-2.42582,2.42582,-1.05012,-2.42582,2.42582,-1.05012,2.42582,-2.42582,-1.05012,2.42582,-2.42582,-1.05012,-2.42582],
    "metadata": {
        "normals": 4,
        "generator": "io_three",
        "faces": 2,
        "vertices": 8,
        "type": "Geometry",
        "version": 3,
        "uvs": 0
    },
    "uvs": []
}