{
    "normals": [-0.996155,-0.000427,-0.087588,0.996155,0.000427,0.087588],
    "name": "Plane.002Geometry",
    "faces": [33,0,1,2,3,0,0,0,0,33,4,7,6,5,1,1,1,1],
    "vertices": [-1.49964,-1.34971,-2.4341,-1.92773,-1.34898,2.43461,-1.92888,1.34971,2.4341,-1.50079,1.34898,-2.43461,-1.49964,-1.34971,-2.4341,-1.92773,-1.34898,2.43461,-1.92888,1.34971,2.4341,-1.50079,1.34898,-2.43461],
    "metadata": {
        "normals": 2,
        "generator": "io_three",
        "faces": 2,
        "vertices": 8,
        "type": "Geometry",
        "version": 3,
        "uvs": 0
    },
    "uvs": []
}