{
    "vertices":[-1.5035,-0.620379,1.50432,1.50501,-0.579131,1.50432,-1.50355,-0.616899,-1.50447,1.50496,-0.57565,-1.50447,-1.5035,-0.620379,1.50432,1.50501,-0.579131,1.50432,-1.50355,-0.616899,-1.50447,1.50496,-0.57565,-1.50447,-1.50496,-0.575049,1.50447,1.50355,-0.533801,1.50447,-1.50501,-0.571569,-1.50432,1.5035,-0.53032,-1.50432,-1.50496,-0.575049,1.50447,1.50355,-0.533801,1.50447,-1.50501,-0.571569,-1.50432,1.5035,-0.53032,-1.50432],
    "faces":[33,0,1,3,2,0,0,0,0,33,4,6,7,5,1,1,1,1,33,8,9,11,10,2,2,2,2,33,12,14,15,13,3,3,3,3],
    "uvs":[],
    "normals":[-0.013709,0.001157,-0.999905,0.013709,-0.001157,0.999905,-0.013709,0.001157,-0.999905,0.013709,-0.001157,0.999905],
    "name":"Plane.002Geometry",
    "metadata":{
        "type":"Geometry",
        "generator":"io_three",
        "version":3,
        "vertices":16,
        "normals":4,
        "uvs":0,
        "faces":4
    }
}