{
    "name": "Plane.001Geometry",
    "uvs": [],
    "metadata": {
        "generator": "io_three",
        "uvs": 0,
        "version": 3,
        "normals": 2,
        "type": "Geometry",
        "faces": 4,
        "vertices": 16
    },
    "normals": [-0.098453,-0.995117,0,0.098453,0.995117,0],
    "faces": [33,0,1,2,3,0,0,0,0,33,4,5,6,7,0,0,0,0,33,8,11,10,9,1,1,1,1,33,12,15,14,13,1,1,1,1],
    "vertices": [2.43361,2.06268,-1.23001,2.43361,2.06269,1.23001,-2.45039,2.54596,1.23001,-2.45039,2.54596,-1.23001,2.45039,2.20672,-1.23001,2.45039,2.20672,1.23001,-2.43361,2.69,1.23001,-2.43361,2.69,-1.23001,2.43361,2.06268,-1.23001,2.43361,2.06269,1.23001,-2.45039,2.54596,1.23001,-2.45039,2.54596,-1.23001,2.45039,2.20672,-1.23001,2.45039,2.20672,1.23001,-2.43361,2.69,1.23001,-2.43361,2.69,-1.23001]
}