{
    "vertices":[-1.62131,0.555217,1.62153,1.62131,0.501956,1.62153,-1.62131,0.555217,-1.62153,1.62131,0.501956,-1.62153,-1.62131,0.555217,1.62153,1.62131,0.501956,1.62153,-1.62131,0.555217,-1.62153,1.62131,0.501956,-1.62153],
    "faces":[33,0,1,3,2,0,0,0,0,33,4,6,7,5,1,1,1,1],
    "uvs":[],
    "normals":[0.016423,-0,-0.999865,-0.016423,0,0.999865],
    "name":"Plane.001Geometry.2",
    "metadata":{
        "type":"Geometry",
        "generator":"io_three",
        "version":3,
        "vertices":8,
        "normals":2,
        "uvs":0,
        "faces":2
    }
}