{
    "vertices":[-0.776168,0.933007,0.903744,0.798798,0.933007,0.903744,-0.776168,0.933007,-0.671223,0.798798,0.933007,-0.671223,-0.776168,0.933007,0.903744,0.798798,0.933007,0.903744,-0.776168,0.933007,-0.671223,0.798798,0.933007,-0.671223,-0.776168,1.01028,0.903744,0.798798,1.01028,0.903744,-0.776168,1.01028,-0.671223,0.798798,1.01028,-0.671223,-0.776168,1.01028,0.903744,0.798798,1.01028,0.903744,-0.776168,1.01028,-0.671223,0.798798,1.01028,-0.671223],
    "faces":[33,0,1,3,2,0,0,0,0,33,4,6,7,5,1,1,1,1,33,8,9,11,10,0,0,0,0,33,12,14,15,13,1,1,1,1],
    "uvs":[],
    "normals":[0,-0,-1,-0,0,1],
    "name":"Plane.005Geometry.1",
    "metadata":{
        "type":"Geometry",
        "generator":"io_three",
        "version":3,
        "vertices":16,
        "normals":2,
        "uvs":0,
        "faces":4
    }
}