{
    "vertices":[-0.712531,-0.022662,0.007647,-0.71281,0.015494,0.007226,-0.712817,0.043488,0.00823,-0.712681,0.071483,0.009193,-0.712392,0.099478,0.009668,-0.712165,0.132493,0.00995,0.70031,-0.018084,-0.05672,0.700258,0.015494,-0.05649,0.700291,0.043488,-0.056378,0.700291,0.071483,-0.056378,0.700291,0.099478,-0.056378,2.23926,-0.019242,-0.005324,-0.712165,0.132493,0.01505,-0.712392,0.099478,0.014768,2.24035,0.015494,-0.008581,-0.707034,0.132493,0.01505,2.24055,0.043488,-0.00867,0.70544,-0.018084,-0.051621,2.24056,0.071483,-0.009058,2.24015,0.099478,-0.009836,-0.712681,0.071483,0.014292,-0.712817,0.043488,0.013329,-0.71281,0.015494,0.012325,-0.712531,-0.022662,0.012746,2.244,0.134711,-0.010298,0.705529,0.132223,-0.056426,2.24528,0.099478,-0.009836,0.705388,0.015494,-0.05139,0.705422,0.043488,-0.051279,0.705422,0.071483,-0.051279,0.705422,0.099478,-0.051279,2.24439,-0.019242,-0.000224,2.24548,0.015494,-0.003481,2.24568,0.043488,-0.00357,2.24569,0.071483,-0.009058,2.24569,0.071483,-0.003959,2.24568,0.043488,-0.00867,2.24548,0.015494,-0.008581,2.24439,-0.019242,-0.005324,0.705422,0.099478,-0.056378,0.705422,0.071483,-0.056378,2.24528,0.099478,-0.004737,0.705529,0.132223,-0.051326,2.244,0.134711,-0.005198,2.24015,0.099478,-0.004737,2.24056,0.071483,-0.003959,0.705422,0.043488,-0.056378,0.705388,0.015494,-0.05649,0.70544,-0.018084,-0.05672,-0.707034,0.132493,0.00995,-0.707262,0.099478,0.009668,-0.70755,0.071483,0.009193,2.24055,0.043488,-0.00357,2.24035,0.015494,-0.003481,2.23887,0.134711,-0.005198,2.23926,-0.019242,-0.000224,0.700398,0.132223,-0.051326,0.700291,0.099478,-0.051279,0.700291,0.071483,-0.051279,-0.707401,-0.022662,0.012746,-0.70768,0.015494,0.012325,-0.707687,0.043488,0.00823,-0.70768,0.015494,0.007226,-0.707401,-0.022662,0.007647,0.700291,0.043488,-0.051279,0.700258,0.015494,-0.05139,-0.707687,0.043488,0.013329,-0.70755,0.071483,0.014292,0.70031,-0.018084,-0.051621,-0.707262,0.099478,0.014768,0.700398,0.132223,-0.056426,2.23887,0.134711,-0.010298],
    "faces":[33,0,63,62,1,0,1,2,3,33,3,51,50,4,4,5,6,7,33,9,40,39,10,8,9,10,11,33,8,46,40,9,12,13,9,8,33,11,38,37,14,14,15,16,17,33,7,47,46,8,18,19,13,12,33,19,26,24,71,20,21,22,23,33,10,39,25,70,11,10,24,25,33,14,37,36,16,17,16,26,27,33,16,36,34,18,27,26,28,29,33,1,62,61,2,3,2,30,31,33,4,50,49,5,7,6,32,33,33,2,61,51,3,31,30,5,4,33,6,48,47,7,34,35,19,18,33,18,34,26,19,29,28,21,20,33,23,22,60,59,36,37,38,39,33,20,13,69,67,40,41,42,43,33,58,57,30,29,44,45,46,47,33,64,58,29,28,48,44,47,49,33,55,53,32,31,50,51,52,53,33,65,64,28,27,54,48,49,55,33,44,54,43,41,56,57,58,59,33,57,56,42,30,45,60,61,46,33,53,52,33,32,51,62,63,52,33,52,45,35,33,62,64,65,63,33,22,21,66,60,37,66,67,38,33,13,12,15,69,41,68,69,42,33,21,20,67,66,66,40,43,67,33,68,65,27,17,70,54,55,71,33,45,44,41,35,64,56,59,65,33,40,46,28,29,9,13,49,47,33,16,18,45,52,27,29,64,62,33,14,16,52,53,17,27,62,51,33,25,39,30,42,24,10,46,61,33,36,37,32,33,26,16,52,63,33,48,6,68,17,35,34,70,71,33,62,63,59,60,2,1,39,38,33,50,51,67,69,6,5,43,42,33,24,26,41,43,22,21,59,58,33,2,3,20,21,31,4,40,66,33,3,4,13,20,4,7,41,40,33,9,10,57,58,8,11,45,44,33,19,71,54,44,20,23,57,56,33,39,40,29,30,10,9,47,46,33,5,49,15,12,33,32,69,68,33,4,5,12,13,7,33,68,41,33,70,25,42,56,25,24,61,60,33,0,1,22,23,0,3,37,36,33,7,8,64,65,18,12,48,54,33,38,11,55,31,15,14,50,53,33,51,61,66,67,5,30,67,43,33,61,62,60,66,30,2,38,67,33,18,19,44,45,29,20,56,64,33,1,2,21,22,3,31,66,37,33,26,34,35,41,21,28,65,59,33,71,24,43,54,23,22,58,57,33,47,48,17,27,19,35,71,55,33,63,0,23,59,1,0,36,39,33,34,36,33,35,28,26,63,65,33,46,47,27,28,13,19,55,49,33,6,7,65,68,34,18,54,70,33,11,14,53,55,14,17,51,50,33,49,50,69,15,32,6,42,69,33,10,70,56,57,11,25,60,45,33,37,38,31,32,16,15,53,52,33,8,9,58,64,12,8,44,48],
    "uvs":[],
    "normals":[0.57561,0.574236,-0.582141,-0.580218,0.573473,-0.578265,-0.701041,0.713004,0.011475,0.702658,0.711447,0.006165,0.709586,0.704215,0.023469,-0.708487,0.705557,0.012726,-0.708426,0.705741,0.002869,0.707602,0.706442,0.015107,0.707083,0.707083,-0,-0.707083,0.707083,-0,-0.70687,0.707297,-0.001648,0.707633,0.706565,0.000641,0.707419,0.706778,0.001801,-0.707663,0.706504,0.000977,0.592578,0.546037,-0.592151,-0.572069,0.548601,-0.609668,-0.699393,0.713157,-0.047273,0.694479,0.719138,-0.022065,0.707724,0.706442,0.003693,-0.707114,0.707053,0.003937,0.702536,0.710898,-0.032472,-0.707877,0.70632,0.003632,-0.565111,0.583453,0.58327,0.588,0.579485,0.564257,-0.578295,0.577624,0.576098,0.57622,0.57796,0.577807,-0.709006,0.7051,-0.008637,0.707572,0.706626,-0.003388,-0.710349,0.703726,-0.009552,0.7069,0.706992,-0.019776,-0.706717,0.707083,0.023225,0.707816,0.705893,0.026399,-0.579974,0.574297,0.577746,0.57561,0.574999,0.581378,0.576495,0.579577,-0.575945,-0.577471,0.579424,-0.575121,0.57445,-0.581195,-0.576342,0.713157,-0.700858,-0.011414,-0.711631,-0.702506,-0.005982,-0.579058,-0.580401,-0.572527,0.705802,-0.708274,-0.012818,0.705771,-0.708396,-0.002991,-0.706473,-0.707572,-0.015076,-0.704428,-0.709342,-0.02356,0.707083,-0.707083,-0,0.707297,-0.7069,0.001648,-0.706565,-0.707633,-0.000641,-0.707083,-0.707083,-0,0.706504,-0.707663,-0.000977,-0.706778,-0.707389,-0.001801,0.582049,-0.604175,-0.544176,0.714194,-0.698264,0.048158,-0.720267,-0.693411,0.019013,-0.562975,-0.608173,-0.559587,0.707083,-0.707083,-0.003937,-0.706442,-0.707724,-0.003693,0.706198,-0.707968,-0.00354,0.589496,-0.571368,0.57094,-0.566363,-0.575091,0.590289,-0.710776,-0.702628,0.032472,0.576373,-0.577044,0.57857,-0.578448,-0.576708,0.576861,0.70513,-0.709006,0.008667,-0.706626,-0.707541,0.003388,0.703879,-0.710227,0.009919,-0.707144,-0.706778,0.019593,0.707541,-0.706259,-0.023133,-0.70632,-0.707358,-0.026521,0.574725,-0.580401,0.576891,-0.579058,-0.579638,0.57329,0.577197,-0.575243,-0.579547,-0.578173,-0.575091,-0.578722],
    "name":"Rail.006Geometry.1",
    "metadata":{
        "type":"Geometry",
        "generator":"io_three",
        "version":3,
        "vertices":72,
        "normals":72,
        "uvs":0,
        "faces":66
    }
}