{
    "vertices":[-2.09814,0.002896,0.204861,2.74799,0.002896,0.204861,-2.09814,0.322039,0.204861,2.74799,0.322039,0.204861,-2.09814,0.002896,0.204861,2.74799,0.002896,0.204861,-2.09814,0.322039,0.204861,2.74799,0.322039,0.204861,-2.09814,0.322039,0.199598,2.74799,0.322039,0.199598,-2.09814,0.002896,0.199599,2.74799,0.002896,0.199599,-2.09814,0.322039,0.199598,2.74799,0.322039,0.199598,-2.09814,0.002896,0.199599,2.74799,0.002896,0.199599],
    "faces":[33,0,1,3,2,0,0,0,0,33,4,5,7,6,0,0,0,0,33,8,9,11,10,1,1,1,1,33,12,13,15,14,1,1,1,1],
    "uvs":[],
    "normals":[0,1,-0,0,-1,1e-06],
    "name":"Plane.003Geometry",
    "metadata":{
        "type":"Geometry",
        "generator":"io_three",
        "version":3,
        "vertices":16,
        "normals":2,
        "uvs":0,
        "faces":4
    }
}