{
    "vertices":[-1.50647,0.661484,-3.61631,1.61688,0.654962,-3.61627,-1.50641,0.703729,-0.493231,1.61694,0.697207,-0.493197,-1.50647,0.697207,-0.493198,1.61688,0.703729,-0.493231,-1.50641,0.654962,-3.61627,1.61694,0.661484,-3.61631,-1.50647,0.861484,-3.61631,1.61688,0.854962,-3.61627,-1.50641,0.903729,-0.493231,1.61694,0.897207,-0.493197,-1.77062,0.800228,-0.22907,1.88103,0.807853,-0.229109,-1.77056,0.750838,-3.88039,1.88109,0.758463,-3.88043,-1.50647,0.897207,-0.493197,1.61688,0.903729,-0.493231,-1.50641,0.854962,-3.61627,1.61694,0.861484,-3.61631,-1.77058,0.767301,-2.66329,-1.7706,0.783765,-1.44618,-0.553405,0.80277,-0.229083,0.663812,0.805312,-0.229096,1.88105,0.79139,-1.44622,1.88107,0.774926,-2.66332,0.663876,0.755921,-3.88042,-0.553341,0.75338,-3.88041,-1.69427,0.799355,-0.305414,-1.69421,0.75203,-3.80405,1.80468,0.806661,-0.305452,1.80474,0.759336,-3.80409,-1.77062,0.758463,-3.88043,1.88103,0.750838,-3.8804,-1.77056,0.807854,-0.229108,1.88109,0.800229,-0.229069,-1.77058,0.79139,-1.44622,-1.7706,0.774926,-2.66332,-0.553405,0.755921,-3.88042,0.663812,0.753379,-3.88041,1.88105,0.767301,-2.66329,1.88107,0.783765,-1.44618,0.663876,0.80277,-0.229083,-0.553341,0.805312,-0.229096,-1.69427,0.759336,-3.80409,-1.69421,0.806661,-0.305451,1.80468,0.75203,-3.80405,1.80474,0.799355,-0.305414],
    "faces":[33,0,1,3,2,0,0,0,0,33,4,5,7,6,1,1,1,1,33,8,9,11,10,2,2,2,2,32,15,31,25,3,3,3,33,16,17,19,18,4,4,4,4,32,20,29,14,5,5,5,33,29,31,26,27,6,6,6,6,32,21,12,28,7,7,7,33,21,28,29,20,8,8,8,8,33,22,23,30,28,9,9,9,9,32,27,14,29,10,10,10,32,13,30,23,11,11,11,33,30,24,25,31,12,12,12,12,32,22,28,12,13,13,13,32,24,30,13,14,14,14,32,26,31,15,15,15,15,32,35,47,41,16,16,16,32,36,45,34,17,17,17,33,45,47,42,43,18,18,18,18,32,37,32,44,19,19,19,33,37,44,45,36,20,20,20,20,33,38,39,46,44,21,21,21,21,32,43,34,45,22,22,22,32,33,46,39,23,23,23,33,46,40,41,47,24,24,24,24,32,38,44,32,25,25,25,32,40,46,33,26,26,26,32,42,47,35,27,27,27],
    "uvs":[],
    "normals":[-0.002088,0.013526,0.999906,-0.002088,-0.013526,-0.999906,-0.002088,0.013526,0.999906,-0.002089,-0.013526,-0.999906,-0.002088,-0.013526,-0.999906,-0.002088,-0.013526,-0.999906,-0.002088,-0.013525,-0.999906,-0.002089,-0.013525,-0.999906,-0.002088,-0.013525,-0.999906,-0.002088,-0.013526,-0.999906,-0.002088,-0.013525,-0.999906,-0.002088,-0.013525,-0.999906,-0.002089,-0.013525,-0.999906,-0.002088,-0.013525,-0.999906,-0.002088,-0.013525,-0.999906,-0.002088,-0.013525,-0.999906,-0.002088,0.013526,0.999906,-0.002088,0.013526,0.999906,-0.002088,0.013526,0.999906,-0.002089,0.013526,0.999906,-0.002088,0.013526,0.999906,-0.002088,0.013526,0.999906,-0.002088,0.013525,0.999906,-0.002088,0.013525,0.999906,-0.002088,0.013526,0.999906,-0.002088,0.013525,0.999906,-0.002088,0.013526,0.999906,-0.002088,0.013526,0.999906],
    "name":"Plane.010Geometry.1",
    "metadata":{
        "vertices":48,
        "version":3,
        "uvs":0,
        "faces":28,
        "generator":"io_three",
        "type":"Geometry",
        "normals":28
    }
}