{
    "vertices":[-2.01193,-0.292951,-0.029031,-2.00259,-0.264066,-0.032922,-1.99997,-0.236211,-0.026517,-2.00036,-0.208221,-0.025208,-2.00096,-0.180451,-0.025969,-1.99716,-0.152533,-0.030979,-2.00195,-0.124501,-0.02465,-2.02068,-0.292951,-0.021738,-2.01134,-0.264066,-0.025629,-2.00873,-0.236211,-0.019225,-2.00912,-0.208221,-0.017916,-2.00192,-0.096153,-0.028557,-1.992,-0.068135,-0.020673,-1.99253,-0.040448,-0.014554,-1.98532,-0.012571,-0.018193,-1.98507,0.015532,-0.016942,-1.98322,0.043424,-0.01534,-1.98229,0.071412,-0.014274,-1.97701,0.100398,-0.017538,-2.00971,-0.180451,-0.018676,-2.00591,-0.152533,-0.023686,-2.0107,-0.124501,-0.017358,-2.01067,-0.096153,-0.021265,-2.00075,-0.068135,-0.013381,-2.00128,-0.040448,-0.007261,-1.99408,-0.012571,-0.0109,-1.99382,0.015532,-0.00965,-1.99198,0.043424,-0.008047,-1.99104,0.071412,-0.006981,-1.98577,0.100398,-0.010245,-1.98314,0.138521,-0.001542,-1.98314,0.138521,-0.008834,-1.98577,0.100398,-0.017538,-1.99104,0.071412,-0.014274,-1.99198,0.043424,-0.01534,-1.99382,0.015532,-0.016942,-1.99408,-0.012571,-0.018193,-2.00128,-0.040448,-0.014554,-2.00075,-0.068135,-0.020673,-2.01067,-0.096153,-0.028557,-2.0107,-0.124501,-0.02465,-2.00591,-0.152533,-0.030979,-2.00971,-0.180451,-0.025969,-2.00912,-0.208221,-0.025208,-2.00873,-0.236211,-0.026517,-2.01134,-0.264066,-0.032922,-2.02068,-0.292951,-0.029031,-1.97438,0.138521,-0.008834,-2.01341,-0.292951,-0.021738,-2.00407,-0.264066,-0.025629,-2.00146,-0.236211,-0.019225,-2.00185,-0.208221,-0.017916,-2.00244,-0.180451,-0.018676,-1.99864,-0.152533,-0.023686,-2.00343,-0.124501,-0.017358,-2.0034,-0.096153,-0.021265,-1.99348,-0.068135,-0.013381,-1.99401,-0.040448,-0.007261,-1.9868,-0.012571,-0.0109,-1.98655,0.015532,-0.00965,-1.98471,0.043424,-0.008047,-1.98377,0.071412,-0.006981,-1.9785,0.100398,-0.010245,-1.97586,0.138521,-0.001542],
    "faces":[33,18,32,31,47,0,1,2,3,33,12,38,37,13,4,5,6,7,33,17,33,32,18,8,9,1,0,33,4,42,41,5,10,11,12,13,33,16,34,33,17,14,15,9,8,33,5,41,40,6,13,12,16,17,33,0,46,45,1,18,19,20,21,33,15,35,34,16,22,23,15,14,33,1,45,44,2,21,20,24,25,33,2,44,43,3,25,24,26,27,33,13,37,36,14,7,6,28,29,33,11,39,38,12,30,31,5,4,33,14,36,35,15,29,28,23,22,33,3,43,42,4,27,26,11,10,33,6,40,39,11,17,16,31,30,33,44,9,10,43,24,32,33,26,33,34,27,28,33,15,34,35,9,33,39,22,23,38,31,36,37,5,33,41,20,21,40,12,38,39,16,33,37,24,25,36,6,40,41,28,33,40,21,22,39,16,39,36,31,33,45,8,9,44,20,42,32,24,33,42,19,20,41,11,43,38,12,33,46,7,8,45,19,44,42,20,33,43,10,19,42,26,33,43,11,33,35,26,27,34,23,45,34,15,33,32,29,30,31,1,46,47,2,33,36,25,26,35,28,41,45,23,33,38,23,24,37,5,37,40,6,33,33,28,29,32,9,35,46,1,33,24,23,56,57,40,37,48,49,33,21,20,53,54,39,38,50,51,33,25,24,57,58,41,40,49,52,33,23,22,55,56,37,36,53,48,33,9,8,49,50,32,42,54,55,33,30,29,62,63,47,46,56,57,33,8,7,48,49,42,44,58,54,33,27,26,59,60,34,45,59,60,33,22,21,54,55,36,39,51,53,33,29,28,61,62,46,35,61,56,33,10,9,50,51,33,32,55,62,33,28,27,60,61,35,34,60,61,33,20,19,52,53,38,43,63,50,33,26,25,58,59,45,41,52,59,33,19,10,51,52,43,33,62,63,33,48,0,1,49,58,18,21,54,33,2,50,49,1,25,55,54,21,33,3,51,50,2,27,62,55,25,33,4,52,51,3,10,63,62,27,33,5,53,52,4,13,50,63,10,33,6,54,53,5,17,51,50,13,33,11,55,54,6,30,53,51,17,33,12,56,55,11,4,48,53,30,33,13,57,56,12,7,49,48,4,33,14,58,57,13,29,52,49,7,33,15,59,58,14,22,59,52,29,33,16,60,59,15,14,60,59,22,33,17,61,60,16,8,61,60,14,33,18,62,61,17,0,56,61,8,33,47,63,62,18,3,57,56,0],
    "uvs":[],
    "normals":[0.744011,-0.666585,0.045137,-0.65096,-0.750267,-0.115452,-0.731315,-0.652242,-0.199347,0.838893,-0.54033,-0.065462,0.810114,-0.5862,0.005676,-0.642018,-0.70513,-0.300912,-0.766076,-0.630696,-0.123783,0.786554,-0.612964,0.074618,0.771752,-0.626026,0.111393,-0.73632,-0.674062,-0.058687,0.774102,-0.622791,0.113498,-0.741142,-0.67098,0.021241,-0.627247,-0.778741,-0.009644,0.758507,-0.651173,-0.024018,0.779565,-0.62624,0.0094,-0.703848,-0.706931,-0.069308,-0.763817,-0.643818,0.044984,0.799127,-0.592608,-0.100803,0.697867,-0.64452,0.312296,-0.779473,-0.602741,-0.170629,-0.627216,-0.764183,-0.150273,0.744041,-0.659932,0.104099,0.767144,-0.641438,-0.004608,-0.710807,-0.700644,-0.061617,-0.712943,-0.689474,-0.127689,0.807092,-0.588855,-0.04236,-0.714652,-0.699423,0.006104,0.783868,-0.620563,-0.020051,-0.655171,-0.75399,-0.046846,0.769463,-0.627522,0.118809,0.683126,-0.728843,0.045808,-0.688925,-0.710196,-0.144749,-0.67626,0.732444,0.078463,-0.697836,0.715964,0.018921,-0.701193,0.712912,-0.000214,-0.701743,0.705863,-0.096286,-0.775353,0.621723,-0.110813,-0.663411,0.741569,0.099582,-0.719504,0.693808,0.030305,-0.684744,0.724387,0.079562,-0.697226,0.715506,-0.043428,-0.689627,0.712668,-0.128208,-0.711539,0.69097,-0.127445,-0.704947,0.701193,-0.10651,-0.702445,0.639149,-0.313059,-0.714957,0.699088,0.007996,-0.730766,0.679891,-0.06061,-0.638417,0.758751,0.129154,0.647053,0.714743,0.265358,0.561205,0.822169,0.095096,0.706961,0.707236,0.001312,0.578509,0.815638,-0.006684,0.673696,0.736106,0.065279,0.618763,0.76632,0.172735,0.676199,0.712455,0.187414,0.625477,0.770074,0.125309,0.672536,0.727897,0.133427,0.59328,0.774926,0.217841,0.521287,0.85165,0.053682,0.625843,0.777306,0.063692,0.633106,0.77105,0.067812,0.598743,0.800348,0.029939,0.626392,0.779473,-0.003265,0.599841,0.798364,-0.052431],
    "name":"Rail.007Geometry.2",
    "metadata":{
        "type":"Geometry",
        "generator":"io_three",
        "version":3,
        "vertices":64,
        "normals":64,
        "uvs":0,
        "faces":60
    }
}