{
    "vertices":[-3.07562,0.162467,0.935087,3.72547,0.162467,0.935087,-3.07562,0.162467,-1.06491,3.72547,0.162467,-1.06491,-3.07562,0.162467,0.935087,3.72547,0.162467,0.935087,-3.07562,0.162467,-1.06491,3.72547,0.162467,-1.06491,-3.07562,0.157205,-1.06491,3.72547,0.157205,-1.06491,-3.07562,0.157206,0.935087,3.72547,0.157206,0.935087,-3.07562,0.157205,-1.06491,3.72547,0.157205,-1.06491,-3.07562,0.157206,0.935087,3.72547,0.157206,0.935087],
    "faces":[33,0,1,3,2,0,0,0,0,33,4,5,7,6,0,0,0,0,33,8,9,11,10,1,1,1,1,33,12,13,15,14,1,1,1,1],
    "uvs":[],
    "normals":[0,-0,-1,0,0,1],
    "name":"PlaneGeometry",
    "metadata":{
        "type":"Geometry",
        "generator":"io_three",
        "version":3,
        "vertices":16,
        "normals":2,
        "uvs":0,
        "faces":4
    }
}