{
    "vertices":[-2.52996,0.170448,0.349358,3.32645,0.170448,0.349358,-2.52996,0.170448,-0.458304,3.32645,0.170448,-0.458304,-2.52996,0.170448,0.349358,3.32645,0.170448,0.349358,-2.52996,0.170448,-0.458304,3.32645,0.170448,-0.458304,-2.52996,0.168921,-0.458304,3.32645,0.168921,-0.458304,-2.52996,0.168921,0.349358,3.32645,0.168921,0.349358,-2.52996,0.168921,-0.458304,3.32645,0.168921,-0.458304,-2.52996,0.168921,0.349358,3.32645,0.168921,0.349358,-2.52996,0.126351,0.349358,3.32645,0.126351,0.349358,-2.52996,0.126351,-0.458304,3.32645,0.126351,-0.458304,-2.52996,0.126351,0.349358,3.32645,0.126351,0.349358,-2.52996,0.126351,-0.458304,3.32645,0.126351,-0.458304,-2.52996,0.124823,-0.458304,3.32645,0.124823,-0.458304,-2.52996,0.124823,0.349358,3.32645,0.124823,0.349358,-2.52996,0.124823,-0.458304,3.32645,0.124823,-0.458304,-2.52996,0.124823,0.349358,3.32645,0.124823,0.349358],
    "faces":[33,0,1,3,2,0,0,0,0,33,4,5,7,6,0,0,0,0,33,8,9,11,10,1,1,1,1,33,12,13,15,14,1,1,1,1,33,16,17,19,18,2,2,2,2,33,20,21,23,22,2,2,2,2,33,24,25,27,26,3,3,3,3,33,28,29,31,30,3,3,3,3],
    "uvs":[],
    "normals":[0,-0,-1,0,0,1,0,-0,-1,0,0,1],
    "name":"Plane.006Geometry",
    "metadata":{
        "type":"Geometry",
        "generator":"io_three",
        "version":3,
        "vertices":32,
        "normals":4,
        "uvs":0,
        "faces":8
    }
}