{
    "vertices":[-1.50647,-0.048463,-3.61631,1.61688,-0.054985,-3.61627,-1.50641,-0.006217,-0.493231,1.61694,-0.012739,-0.493197,-1.50647,-0.012739,-0.493198,1.61688,-0.006218,-0.493231,-1.50641,-0.054984,-3.61627,1.61694,-0.048463,-3.61631],
    "name":"Plane.003Geometry.4",
    "faces":[33,0,1,3,2,0,0,0,0,33,4,5,7,6,1,1,1,1],
    "metadata":{
        "vertices":8,
        "type":"Geometry",
        "generator":"io_three",
        "faces":2,
        "version":3,
        "normals":2,
        "uvs":0
    },
    "normals":[-0.002088,0.013526,0.999906,-0.002088,-0.013526,-0.999906],
    "uvs":[]
}