{
    "name": "PlaneGeometry",
    "uvs": [],
    "faces": [33,0,1,2,3,0,1,2,3,33,0,5,4,1,0,4,5,1,33,5,6,7,4,4,6,7,5,33,6,9,8,7,6,8,9,7,33,2,11,10,3,2,10,11,3,33,11,12,13,10,10,2,3,11,33,9,14,15,8,8,6,7,9,33,12,15,14,13,2,7,6,3,33,8,15,12,11,9,7,2,10,32,4,7,8,5,7,9,32,1,11,2,1,10,2,33,4,8,11,1,5,9,10,1,33,9,10,13,14,8,11,3,6,32,0,3,10,0,3,11,32,5,9,6,4,8,6,33,5,0,10,9,4,0,11,8],
    "normals": [0.577349,-0.577349,-0.577349,0.577349,-0.577349,0.577349,-0.577349,-0.577349,0.577349,-0.577349,-0.577349,-0.577349,0.577349,0.577349,-0.577349,0.577349,0.577349,0.577349,-0.577349,0.577349,-0.577349,-0.577349,0.577349,0.577349,-0.301492,0.301492,-0.904508,-0.301492,0.301492,0.904508,-0.301492,-0.301492,0.904508,-0.301492,-0.301492,-0.904508],
    "metadata": {
        "normals": 12,
        "version": 3,
        "type": "Geometry",
        "uvs": 0,
        "generator": "io_three",
        "vertices": 16,
        "faces": 16
    },
    "vertices": [0.769746,-2,-1,0.769746,-2,1,-1,-2,1,-1,-2,-1,0.769746,2,1,0.769746,2,-1,-1,2,-1,-1,2,1,-1,1.15024,1,-1,1.15024,-1,-1,-1.15024,-1,-1,-1.15024,1,-3.49152,-1.15024,1,-3.49152,-1.15024,-1,-3.49152,1.15024,-1,-3.49152,1.15024,1]
}