{
    "name": "Plane.009Geometry",
    "uvs": [],
    "faces": [33,0,1,2,3,0,0,0,0,33,4,5,6,7,0,0,0,0,33,8,9,11,10,1,1,1,1,33,12,15,14,13,2,2,2,2,33,16,19,18,17,2,2,2,2,33,20,22,23,21,3,3,3,3],
    "normals": [0.099887,-0.994995,0,0.100436,-0.994934,0,-0.099887,0.994995,0,-0.100436,0.994934,0],
    "metadata": {
        "normals": 4,
        "version": 3,
        "type": "Geometry",
        "uvs": 0,
        "generator": "io_three",
        "vertices": 24,
        "faces": 6
    },
    "vertices": [1.07739,2.37637,-1.3,1.07739,2.37637,1.3,-1.5096,2.1166,1.3,-1.5096,2.1166,-1.3,1.20862,-1.80748,-1.3,1.20862,-1.80748,1.3,-1.37837,-2.06725,1.3,-1.37837,-2.06725,-1.3,1.88169,0.242981,-1.62993,1.88169,0.242982,1.64308,-4.63557,-0.415112,-1.62993,-4.63557,-0.415112,1.64308,1.07739,2.37637,-1.3,1.07739,2.37637,1.3,-1.5096,2.1166,1.3,-1.5096,2.1166,-1.3,1.20862,-1.80748,-1.3,1.20862,-1.80748,1.3,-1.37837,-2.06726,1.3,-1.37837,-2.06726,-1.3,1.88169,0.242981,-1.62993,1.88169,0.242982,1.64308,-4.63557,-0.415112,-1.62993,-4.63557,-0.415112,1.64308]
}