{
    "normals":[0.999906,0.013526,-0.002088,-0.999906,-0.013526,0.002088],
    "faces":[33,0,2,3,1,0,0,0,0,33,4,5,7,6,1,1,1,1],
    "uvs":[],
    "vertices":[-0.962627,-1.59231,-0.493198,-0.969148,1.53105,-0.493231,-0.920381,-1.59225,-3.61627,-0.926903,1.5311,-3.61631,-0.962627,-1.59231,-0.493198,-0.969148,1.53105,-0.493231,-0.920381,-1.59225,-3.61627,-0.926903,1.5311,-3.61631],
    "metadata":{
        "normals":2,
        "faces":2,
        "uvs":0,
        "type":"Geometry",
        "vertices":8,
        "version":3,
        "generator":"io_three"
    },
    "name":"Plane.005Geometry"
}