{
    "normals":[0.41908,-0.907529,-0.026582,0.735282,0.677725,0.002106,0.729331,0.684042,0.011139,0.500717,-0.865566,-0.004425,-0.899564,0.43675,0.002808,-0.696951,-0.71691,-0.016419,-0.706992,-0.707144,-0.006165,-0.834498,0.550951,-0.000793,0.751122,0.659841,0.019379,0.539628,-0.841609,0.021363,-0.740104,-0.672445,0.003296,-0.809839,0.586596,-0.003784],
    "uvs":[],
    "faces":[33,1,0,2,3,0,1,2,3,33,4,5,7,6,4,5,6,7,33,2,0,4,6,2,1,4,7,33,1,3,7,5,0,3,6,5,33,8,9,3,2,8,9,3,2,33,6,7,11,10,7,6,10,11,33,6,10,8,2,7,11,8,2,33,3,9,11,7,3,9,10,6],
    "name":"Levier-De-Platine.009Geometry",
    "vertices":[0.40814,0.554563,-2.10295,0.409606,0.553995,-2.09605,0.40769,0.698228,-2.10263,0.409961,0.695204,-2.09068,0.418357,0.553257,-2.10281,0.415578,0.552801,-2.09704,0.4179,0.697073,-2.10128,0.414652,0.696289,-2.09348,0.409117,0.821026,-2.10335,0.411873,0.819423,-2.09437,0.416315,0.818615,-2.10013,0.418168,0.819893,-2.0944],
    "metadata":{
        "normals":12,
        "uvs":0,
        "type":"Geometry",
        "version":3,
        "vertices":12,
        "faces":8,
        "generator":"io_three"
    }
}