{
    "metadata":{
        "type":"Geometry",
        "version":3,
        "uvs":0,
        "vertices":8,
        "faces":2,
        "generator":"io_three",
        "normals":2
    },
    "faces":[33,0,2,3,1,0,0,0,0,33,4,5,7,6,1,1,1,1],
    "name":"Plane.010Geometry.1",
    "uvs":[],
    "vertices":[-0.91952,-1.59378,-0.495547,-0.926042,1.52957,-0.495525,-0.904032,-1.59373,-3.61887,-0.910553,1.52963,-3.61885,-0.91952,-1.59378,-0.495547,-0.926042,1.52957,-0.495525,-0.904032,-1.59373,-3.61887,-0.910553,1.52963,-3.61885],
    "normals":[0.999986,0.004959,-0.002088,-0.999986,-0.004959,0.002088]
}