{
    "skinWeights": [],
    "skinIndices": [],
    "name": "Cylinder.004Geometry.2",
    "normals": [0,0,0.999969,-0.000793,0.195074,0.980773,0,0,1,-0.001587,0.382672,0.923856,-0.002319,0.555559,0.831446,-0.00293,0.707083,0.707083,-0.003449,0.831446,0.555559,-0.003845,0.923856,0.382672,-0.004089,0.980773,0.195074,-0.004151,0.999969,0,-0.004089,0.980773,-0.195074,-0.003845,0.923856,-0.382672,-0.003449,0.831446,-0.555559,-0.00293,0.707083,-0.707083,-0.002319,0.555559,-0.831446,-0.001587,0.382672,-0.923856,-0.000793,0.195074,-0.980773,0,0,-1,0.000793,-0.195074,-0.980773,0.001587,-0.382672,-0.923856,0.002319,-0.555559,-0.831446,0.00293,-0.707083,-0.707083,0.003449,-0.831446,-0.555559,0.003845,-0.923856,-0.382672,0.004089,-0.980773,-0.195074,0.004151,-0.999969,0,0.004089,-0.980773,0.195074,0.003845,-0.923856,0.382672,0.003449,-0.831446,0.555559,0.00293,-0.707083,0.707083,0.002319,-0.555559,0.831446,0.001587,-0.382672,0.923856,0.000793,-0.195074,0.980773,0,0,-0.999969],
    "uvs": [],
    "faces": [33,0,1,33,32,0,1,1,2,33,1,2,34,33,1,3,3,1,33,2,3,35,34,3,4,4,3,33,3,4,36,35,4,5,5,4,33,4,5,37,36,5,6,6,5,33,5,6,38,37,6,7,7,6,33,6,7,39,38,7,8,8,7,33,7,8,40,39,8,9,9,8,33,8,9,41,40,9,10,10,9,33,9,10,42,41,10,11,11,10,33,10,11,43,42,11,12,12,11,33,11,12,44,43,12,13,13,12,33,12,13,45,44,13,14,14,13,33,13,14,46,45,14,15,15,14,33,14,15,47,46,15,16,16,15,33,15,16,48,47,16,17,17,16,33,16,17,49,48,17,18,18,17,33,17,18,50,49,18,19,19,18,33,18,19,51,50,19,20,20,19,33,19,20,52,51,20,21,21,20,33,20,21,53,52,21,22,22,21,33,21,22,54,53,22,23,23,22,33,22,23,55,54,23,24,24,23,33,23,24,56,55,24,25,25,24,33,24,25,57,56,25,26,26,25,33,25,26,58,57,26,27,27,26,33,26,27,59,58,27,28,28,27,33,27,28,60,59,28,29,29,28,33,28,29,61,60,29,30,30,29,33,29,30,62,61,30,31,31,30,33,30,31,63,62,31,32,32,31,33,31,0,32,63,32,0,2,32,33,64,65,97,96,0,1,1,0,33,65,66,98,97,1,3,3,1,33,66,67,99,98,3,4,4,3,33,67,68,100,99,4,5,5,4,33,68,69,101,100,5,6,6,5,33,69,70,102,101,6,7,7,6,33,70,71,103,102,7,8,8,7,33,71,72,104,103,8,9,9,8,33,72,73,105,104,9,10,10,9,33,73,74,106,105,10,11,11,10,33,74,75,107,106,11,12,12,11,33,75,76,108,107,12,13,13,12,33,76,77,109,108,13,14,14,13,33,77,78,110,109,14,15,15,14,33,78,79,111,110,15,16,16,15,33,79,80,112,111,16,33,33,16,33,80,81,113,112,33,18,18,33,33,81,82,114,113,18,19,19,18,33,82,83,115,114,19,20,20,19,33,83,84,116,115,20,21,21,20,33,84,85,117,116,21,22,22,21,33,85,86,118,117,22,23,23,22,33,86,87,119,118,23,24,24,23,33,87,88,120,119,24,25,25,24,33,88,89,121,120,25,26,26,25,33,89,90,122,121,26,27,27,26,33,90,91,123,122,27,28,28,27,33,91,92,124,123,28,29,29,28,33,92,93,125,124,29,30,30,29,33,93,94,126,125,30,31,31,30,33,94,95,127,126,31,32,32,31,33,96,127,95,64,0,32,32,0,33,128,160,161,129,33,17,18,18,33,129,161,162,130,18,18,19,19,33,130,162,163,131,19,19,20,20,33,131,163,164,132,20,20,21,21,33,132,164,165,133,21,21,22,22,33,133,165,166,134,22,22,23,23,33,134,166,167,135,23,23,24,24,33,135,167,168,136,24,24,25,25,33,136,168,169,137,25,25,26,26,33,137,169,170,138,26,26,27,27,33,138,170,171,139,27,27,28,28,33,139,171,172,140,28,28,29,29,33,140,172,173,141,29,29,30,30,33,141,173,174,142,30,30,31,31,33,142,174,175,143,31,31,32,32,33,143,175,176,144,32,32,2,2,33,144,176,177,145,2,2,1,1,33,145,177,178,146,1,1,3,3,33,146,178,179,147,3,3,4,4,33,147,179,180,148,4,4,5,5,33,148,180,181,149,5,5,6,6,33,149,181,182,150,6,6,7,7,33,150,182,183,151,7,7,8,8,33,151,183,184,152,8,8,9,9,33,152,184,185,153,9,9,10,10,33,153,185,186,154,10,10,11,11,33,154,186,187,155,11,11,12,12,33,155,187,188,156,12,12,13,13,33,156,188,189,157,13,13,14,14,33,157,189,190,158,14,14,15,15,33,158,190,191,159,15,15,16,16,33,160,128,159,191,17,33,16,16,33,192,224,225,193,33,17,18,18,33,193,225,226,194,18,18,19,19,33,194,226,227,195,19,19,20,20,33,195,227,228,196,20,20,21,21,33,196,228,229,197,21,21,22,22,33,197,229,230,198,22,22,23,23,33,198,230,231,199,23,23,24,24,33,199,231,232,200,24,24,25,25,33,200,232,233,201,25,25,26,26,33,201,233,234,202,26,26,27,27,33,202,234,235,203,27,27,28,28,33,203,235,236,204,28,28,29,29,33,204,236,237,205,29,29,30,30,33,205,237,238,206,30,30,31,31,33,206,238,239,207,31,31,32,32,33,207,239,240,208,32,32,0,0,33,208,240,241,209,0,0,1,1,33,209,241,242,210,1,1,3,3,33,210,242,243,211,3,3,4,4,33,211,243,244,212,4,4,5,5,33,212,244,245,213,5,5,6,6,33,213,245,246,214,6,6,7,7,33,214,246,247,215,7,7,8,8,33,215,247,248,216,8,8,9,9,33,216,248,249,217,9,9,10,10,33,217,249,250,218,10,10,11,11,33,218,250,251,219,11,11,12,12,33,219,251,252,220,12,12,13,13,33,220,252,253,221,13,13,14,14,33,221,253,254,222,14,14,15,15,33,222,254,255,223,15,15,16,16,33,224,192,223,255,17,33,16,16],
    "influencesPerVertex": 2,