{
    "vertices":[-1.50493,0.521808,1.50447,1.50341,0.469241,1.50447,-1.50487,0.525288,-1.50432,1.50347,0.472722,-1.50432,-1.50493,0.521808,1.50447,1.50341,0.469241,1.50447,-1.50487,0.525288,-1.50432,1.50347,0.472722,-1.50432,-1.50493,0.576449,1.50447,1.50341,0.523882,1.50447,-1.50487,0.579929,-1.50432,1.50347,0.527362,-1.50432,-1.50493,0.576449,1.50447,1.50341,0.523882,1.50447,-1.50487,0.579929,-1.50432,1.50347,0.527362,-1.50432],
    "faces":[33,0,1,3,2,0,0,0,0,33,4,6,7,5,1,1,1,1,33,8,9,11,10,2,2,2,2,33,12,14,15,13,3,3,3,3],
    "uvs":[],
    "normals":[0.017471,0.001157,-0.999847,-0.017471,-0.001157,0.999847,0.017471,0.001157,-0.999847,-0.017471,-0.001157,0.999847],
    "name":"Plane.007Geometry.2",
    "metadata":{
        "type":"Geometry",
        "generator":"io_three",
        "version":3,
        "vertices":16,
        "normals":4,
        "uvs":0,
        "faces":4
    }
}