{
    "vertices":[-3.27757,0.051198,0.47331,-2.45762,0.051198,0.47331,-3.27757,0.051198,-0.603137,-2.45762,0.051198,-0.603137,-3.27757,0.051198,0.47331,-2.45762,0.051198,0.47331,-3.27757,0.051198,-0.603137,-2.45762,0.051198,-0.603137,-3.27757,0.049671,-0.603137,-2.45762,0.049671,-0.603137,-3.27757,0.049671,0.47331,-2.45762,0.049671,0.47331,-3.27757,0.049671,-0.603137,-2.45762,0.049671,-0.603137,-3.27757,0.049671,0.47331,-2.45762,0.049671,0.47331,-3.27757,0.007101,0.47331,-2.45762,0.007101,0.47331,-3.27757,0.007101,-0.603137,-2.45762,0.007101,-0.603137,-3.27757,0.007101,0.47331,-2.45762,0.007101,0.47331,-3.27757,0.007101,-0.603137,-2.45762,0.007101,-0.603137,-3.27757,0.005573,-0.603137,-2.45762,0.005573,-0.603137,-3.27757,0.005574,0.47331,-2.45762,0.005574,0.47331,-3.27757,0.005573,-0.603137,-2.45762,0.005573,-0.603137,-3.27757,0.005574,0.47331,-2.45762,0.005574,0.47331],
    "faces":[33,0,1,3,2,0,0,0,0,33,4,5,7,6,0,0,0,0,33,8,9,11,10,1,1,1,1,33,12,13,15,14,1,1,1,1,33,16,17,19,18,0,0,0,0,33,20,21,23,22,0,0,0,0,33,24,25,27,26,2,2,2,2,33,28,29,31,30,2,2,2,2],
    "uvs":[],
    "normals":[0,-0,-1,0,0,1,0,0,1],
    "name":"Plane.002Geometry",
    "metadata":{
        "type":"Geometry",
        "generator":"io_three",
        "version":3,
        "vertices":32,
        "normals":3,
        "uvs":0,
        "faces":8
    }
}