{
    "faces": [33,0,1,2,3,0,1,2,3,33,7,0,3,4,4,0,3,5,33,1,6,5,2,1,6,7,2,33,6,9,10,5,6,8,9,7,33,4,11,8,7,5,10,11,4,33,11,12,15,8,10,5,4,11,33,9,14,13,10,8,6,7,9,33,12,13,14,15,5,7,6,4,33,8,15,14,9,11,4,6,8,32,1,9,6,1,8,6,32,0,7,8,0,4,11,33,0,8,9,1,0,11,8,1,33,10,13,12,11,9,7,5,10,32,2,5,10,2,7,9,32,3,11,4,3,10,5,33,2,10,11,3,2,9,10,3],
    "normals": [0.577349,-0.577349,-0.577349,0.577349,-0.577349,0.577349,-0.577349,-0.577349,0.577349,-0.577349,-0.577349,-0.577349,0.577349,0.577349,-0.577349,-0.577349,0.577349,-0.577349,0.577349,0.577349,0.577349,-0.577349,0.577349,0.577349,0.904508,0.301492,0.301492,-0.904508,0.301492,0.301492,-0.904508,0.301492,-0.301492,0.904508,0.301492,-0.301492],
    "name": "PlaneGeometry",
    "metadata": {
        "type": "Geometry",
        "faces": 16,
        "uvs": 0,
        "generator": "io_three",
        "version": 3,
        "normals": 12,
        "vertices": 16
    },
    "uvs": [],
    "vertices": [2.19432,-0,-1,2.19432,0,1,-2.19432,0,1,-2.19432,-0,-1,-2.19432,0.98651,-1,-2.19432,0.98651,1,2.19432,0.98651,1,2.19432,0.98651,-1,2.19432,0.98651,-0.492568,2.19432,0.98651,0.492568,-2.19432,0.98651,0.492568,-2.19432,0.98651,-0.492568,-2.19432,2.19309,-0.492568,-2.19432,2.19309,0.492568,2.19432,2.19309,0.492568,2.19432,2.19309,-0.492568]
}