{
    "vertices":[-1.62347,0.549594,1.62347,1.62347,0.549594,1.62347,-1.62347,0.549594,-1.62347,1.62347,0.549594,-1.62347,-1.62347,0.549594,1.62347,1.62347,0.549594,1.62347,-1.62347,0.549594,-1.62347,1.62347,0.549594,-1.62347],
    "faces":[33,0,1,3,2,0,0,0,0,33,4,6,7,5,1,1,1,1],
    "uvs":[],
    "normals":[0,-0,-1,0,0,1],
    "name":"PlaneGeometry.2",
    "metadata":{
        "type":"Geometry",
        "generator":"io_three",
        "version":3,
        "vertices":8,
        "normals":2,
        "uvs":0,
        "faces":2
    }
}