{
    "metadata":{
        "type":"Geometry",
        "version":3,
        "uvs":0,
        "vertices":64,
        "faces":32,
        "generator":"io_three",
        "normals":32
    },
    "faces":[33,0,1,3,2,0,0,1,1,33,2,3,5,4,1,1,2,2,33,4,5,7,6,2,2,3,3,33,6,7,9,8,3,3,4,4,33,8,9,11,10,4,4,5,5,33,10,11,13,12,5,5,6,6,33,12,13,15,14,6,6,7,7,33,14,15,17,16,7,7,8,8,33,16,17,19,18,8,8,9,9,33,18,19,21,20,9,9,10,10,33,20,21,23,22,10,10,11,11,33,22,23,25,24,11,11,12,12,33,24,25,27,26,12,12,13,13,33,26,27,29,28,13,13,14,14,33,28,29,31,30,14,14,15,15,33,30,31,33,32,15,15,16,16,33,32,33,35,34,16,16,17,17,33,34,35,37,36,17,17,18,18,33,36,37,39,38,18,18,19,19,33,38,39,41,40,19,19,20,20,33,40,41,43,42,20,20,21,21,33,42,43,45,44,21,21,22,22,33,44,45,47,46,22,22,23,23,33,46,47,49,48,23,23,24,24,33,48,49,51,50,24,24,25,25,33,50,51,53,52,25,25,26,26,33,52,53,55,54,26,26,27,27,33,54,55,57,56,27,27,28,28,33,56,57,59,58,28,28,29,29,33,58,59,61,60,29,29,30,30,33,1,0,62,63,0,0,31,31,33,60,61,63,62,30,30,31,31],
    "name":"CylinderGeometry",
    "uvs":[],
    "vertices":[0.458008,0.062025,-2.23925,0.458008,1.15886,-2.23925,0.466848,0.062025,-2.23838,0.466848,1.15886,-2.23838,0.475348,0.062025,-2.2358,0.475348,1.15886,-2.2358,0.483182,0.062025,-2.23162,0.483182,1.15886,-2.23162,0.490048,0.062025,-2.22598,0.490048,1.15886,-2.22598,0.495683,0.062025,-2.21911,0.495683,1.15886,-2.21911,0.49987,0.062025,-2.21128,0.49987,1.15886,-2.21128,0.502449,0.062025,-2.20278,0.502449,1.15886,-2.20278,0.503319,0.062025,-2.19394,0.503319,1.15886,-2.19394,0.502449,0.062025,-2.1851,0.502449,1.15886,-2.1851,0.49987,0.062025,-2.1766,0.49987,1.15886,-2.1766,0.495683,0.062025,-2.16877,0.495683,1.15886,-2.16877,0.490048,0.062025,-2.1619,0.490048,1.15886,-2.1619,0.483182,0.062025,-2.15627,0.483182,1.15886,-2.15627,0.475348,0.062025,-2.15208,0.475348,1.15886,-2.15208,0.466848,0.062025,-2.1495,0.466848,1.15886,-2.1495,0.458008,0.062025,-2.14863,0.458008,1.15886,-2.14863,0.449168,0.062025,-2.1495,0.449168,1.15886,-2.1495,0.440668,0.062025,-2.15208,0.440668,1.15886,-2.15208,0.432835,0.062025,-2.15627,0.432835,1.15886,-2.15627,0.425968,0.062025,-2.1619,0.425968,1.15886,-2.1619,0.420333,0.062025,-2.16877,0.420333,1.15886,-2.16877,0.416146,0.062025,-2.1766,0.416146,1.15886,-2.1766,0.413568,0.062025,-2.1851,0.413568,1.15886,-2.1851,0.412697,0.062025,-2.19394,0.412697,1.15886,-2.19394,0.413568,0.062025,-2.20278,0.413568,1.15886,-2.20278,0.416146,0.062025,-2.21128,0.416146,1.15886,-2.21128,0.420333,0.062025,-2.21911,0.420333,1.15886,-2.21911,0.425968,0.062025,-2.22598,0.425968,1.15886,-2.22598,0.432835,0.062025,-2.23162,0.432835,1.15886,-2.23162,0.440668,0.062025,-2.2358,0.440668,1.15886,-2.2358,0.449168,0.062025,-2.23838,0.449168,1.15886,-2.23838],
    "normals":[0,-1,-0,0.195074,-0.980773,-0,0.382672,-0.923856,-0,0.555559,-0.831446,-0,0.707083,-0.707083,-0,0.831446,-0.555559,-0,0.923856,-0.382672,-0,0.980773,-0.195074,-0,0.999969,0,-0,0.980773,0.195074,-0,0.923856,0.382672,-0,0.831446,0.555559,-0,0.707083,0.707083,-0,0.555559,0.831446,-0,0.382672,0.923856,-0,0.195074,0.980773,-0,0,1,-0,-0.195074,0.980773,-0,-0.382672,0.923856,-0,-0.555559,0.831446,-0,-0.707083,0.707083,-0,-0.831446,0.555559,-0,-0.923856,0.382672,-0,-0.980773,0.195074,-0,-0.999969,0,-0,-0.980773,-0.195074,-0,-0.923856,-0.382672,-0,-0.831446,-0.555559,-0,-0.707083,-0.707083,-0,-0.555559,-0.831446,-0,-0.382672,-0.923856,-0,-0.195074,-0.980773,-0]
}